[2026-05-29T19:23:25.165] [DEBUG] debug-file - env: nodejsVersion=v18.20.1
[2026-05-29T19:23:25.577] [DEBUG] debug-file - Hvigor init with startParameters:{
  hvigorfileTypeCheck: false,
  parallelExecution: true,
  incrementalExecution: true,
  printStackTrace: false,
  daemon: false,
  analyze: 0,
  logLevel: Level { level: 20000, levelStr: 'INFO', colour: 'green' },
  optimizationStrategy: 'memory',
  hotCompile: undefined,
  hotReloadBuild: undefined,
  customizedParam: undefined
}
[2026-05-29T19:23:27.919] [DEBUG] debug-file - hvigorfile, require result:  { default: { system: [Function: appTasks], plugins: [] } }
[2026-05-29T19:23:27.921] [DEBUG] debug-file - Starting plugin build process
[2026-05-29T19:23:28.045] [DEBUG] debug-file - App plugin register hook start...
[2026-05-29T19:23:28.050] [DEBUG] debug-file - Obtain build option for product 'default'in this build.
[2026-05-29T19:23:28.064] [DEBUG] debug-file - Start recording SDK configuration permission data.
[2026-05-29T19:23:28.046] [DEBUG] debug-file - Start initialize project's product build option map with build mode debug.
[2026-05-29T19:23:28.100] [DEBUG] debug-file - Project task initialization takes 7 ms 
[2026-05-29T19:23:28.108] [DEBUG] debug-file - failed to load cangjie to dynamically generate schemas: Error: Cannot find module '@ohos/cangjie-build-support/index'
Require stack:
- C:\Program Files\Huawei\DevEco Studio\tools\hvigor\hvigor-ohos-plugin\src\plugin\hooks\cangjie-register.js
- C:\Program Files\Huawei\DevEco Studio\tools\hvigor\hvigor-ohos-plugin\src\plugin\strategy\stage-init-strategy.js
- C:\Program Files\Huawei\DevEco Studio\tools\hvigor\hvigor-ohos-plugin\src\plugin\builder\abstract-plugin-builder.js
- C:\Program Files\Huawei\DevEco Studio\tools\hvigor\hvigor-ohos-plugin\src\plugin\builder\app-plugin-builder.js
- C:\Program Files\Huawei\DevEco Studio\tools\hvigor\hvigor-ohos-plugin\src\plugin\factory\plugin-factory.js
- C:\Program Files\Huawei\DevEco Studio\tools\hvigor\hvigor-ohos-plugin\index.js
- C:\1234\tl-card\hvigorfile.ts
- C:\Program Files\Huawei\DevEco Studio\tools\hvigor\hvigor\src\base\internal\lifecycle\configuration.js
- C:\Program Files\Huawei\DevEco Studio\tools\hvigor\hvigor\src\base\boot\index.js
- C:\Program Files\Huawei\DevEco Studio\tools\hvigor\hvigor\src\cli\main\cli.js
- C:\Program Files\Huawei\DevEco Studio\tools\hvigor\hvigor\bin\hvigor.js
[2026-05-29T19:23:28.120] [DEBUG] debug-file - Start initialize module-target build option map, moduleName=entry, buildMode=debug
[2026-05-29T19:23:28.126] [DEBUG] debug-file - project has submodules:entry
[2026-05-29T19:23:25.166] [DEBUG] debug-file - env: hvigor-config.json5 content = { modelVersion: '5.0.0', dependencies: {} }
[2026-05-29T19:23:28.128] [DEBUG] debug-file - start to load updatedOhPackageInfo to the disk
[2026-05-29T19:23:28.147] [DEBUG] debug-file - entry : clean cost memory 0.1073150634765625
[2026-05-29T19:23:28.137] [DEBUG] debug-file - Start to initialize dependency information.
[2026-05-29T19:23:25.578] [DEBUG] debug-file - Since current hvigor version 6.22.4 differs from last hvigor version 
      undefined, delete file-cache.json and task-cache.json.
[2026-05-29T19:23:28.171] [DEBUG] debug-file - Create  resident worker with id: 0.
[2026-05-29T19:23:27.919] [DEBUG] debug-file - hvigorfile, binding system plugins [Function: appTasks]
[2026-05-29T19:23:27.921] [DEBUG] debug-file - App plugin prepare start...
[2026-05-29T19:23:28.052] [DEBUG] debug-file - No signingConfig found, initRemoteHspCache failed.
[2026-05-29T19:23:28.045] [DEBUG] debug-file - App plugin register hook end...
[2026-05-29T19:23:28.091] [DEBUG] debug-file - Sdk init in 39 ms 
[2026-05-29T19:23:28.046] [DEBUG] debug-file - Picking option from product 'default' with build mode 'debug'.
[2026-05-29T19:23:28.100] [DEBUG] debug-file - hvigorfile, binding custom plugins []
[2026-05-29T19:23:28.121] [DEBUG] debug-file - Target 'default' config initialized
[2026-05-29T19:23:25.167] [DEBUG] debug-file - env: daemon=false
[2026-05-29T19:23:28.133] [DEBUG] debug-file - load to the disk finished
[2026-05-29T19:23:28.147] [DEBUG] debug-file - runTaskFromQueue task cost before running: 2 s 577 ms 
[2026-05-29T19:23:28.140] [DEBUG] debug-file - Module entry Collected Dependency: 
[2026-05-29T19:23:25.578] [DEBUG] debug-file - Cache service initialization finished in 1 ms 
[2026-05-29T19:23:28.172] [DEBUG] debug-file - Create  resident worker with id: 1.
[2026-05-29T19:23:27.921] [DEBUG] debug-file - App plugin prepare end...
[2026-05-29T19:23:28.054] [DEBUG] debug-file - Local scan or download HarmonyOS sdk components toolchains,ets,js,native,previewer
[2026-05-29T19:23:28.045] [DEBUG] debug-file - Plugin build process completed
[2026-05-29T19:23:28.100] [DEBUG] debug-file - hvigorfile, no custom plugins were found in C:\1234\tl-card\hvigorfile.ts
[2026-05-29T19:23:28.121] [DEBUG] debug-file - Module 'entry' target 'default' build option initialized
[2026-05-29T19:23:28.047] [DEBUG] debug-file - Product 'default' build option initialized
[2026-05-29T19:23:25.167] [DEBUG] debug-file - no-daemon, use the parent process.execArgv --max-old-space-size=8192,--max-semi-space-size=16,--expose-gc
[2026-05-29T19:23:28.134] [DEBUG] debug-file - Start to initialize dependency information.
[2026-05-29T19:23:28.148] [INFO] debug-file - Finished :entry:clean... after 3 ms 
[2026-05-29T19:23:28.140] [DEBUG] debug-file - Module entry's total dependency: 0
[2026-05-29T19:23:25.579] [DEBUG] debug-file - hvigorfile, resolving C:\1234\tl-card\hvigorfile.ts
[2026-05-29T19:23:28.173] [DEBUG] debug-file - Current worker pool is stopped or closed.
[2026-05-29T19:23:28.060] [DEBUG] debug-file - Local scan or download hmscore sdk components toolchains,ets,native
[2026-05-29T19:23:27.921] [DEBUG] debug-file - App plugin creating...
[2026-05-29T19:23:28.100] [DEBUG] debug-file - hvigorfile, resolve finished C:\1234\tl-card\hvigorfile.ts
[2026-05-29T19:23:28.121] [DEBUG] debug-file - End initialize module-target build option map, moduleName=entry
[2026-05-29T19:23:28.047] [DEBUG] debug-file - End initialize project's product build option map with build mode 'debug'.
[2026-05-29T19:23:28.136] [DEBUG] debug-file - Module tl-card Collected Dependency: 
[2026-05-29T19:23:28.148] [DEBUG] debug-file - Executing task ::clean
[2026-05-29T19:23:28.142] [DEBUG] debug-file - Configuration phase cost:2 s 564 ms 
[2026-05-29T19:23:28.173] [DEBUG] debug-file - Clear worker 0.
[2026-05-29T19:23:28.100] [DEBUG] debug-file - hvigorfile, resolving C:\1234\tl-card\entry\hvigorfile.ts
[2026-05-29T19:23:28.121] [DEBUG] debug-file - Start initialize module-target build option map, moduleName=entry, buildMode=release
[2026-05-29T19:23:28.136] [DEBUG] debug-file - Module tl-card's total dependency: 0
[2026-05-29T19:23:28.149] [DEBUG] debug-file - clean: Worker pool is inactive.
[2026-05-29T19:23:28.144] [DEBUG] debug-file - Configuration task cost before running: 2 s 574 ms 
[2026-05-29T19:23:28.173] [DEBUG] debug-file - Worker 0 has been cleared.
[2026-05-29T19:23:28.106] [DEBUG] debug-file - hvigorfile, require result:  { default: { system: [Function: hapTasks], plugins: [] } }
[2026-05-29T19:23:28.121] [DEBUG] debug-file - Target 'default' config initialized
[2026-05-29T19:23:28.149] [DEBUG] debug-file - tl-card : clean cost memory 0.01950836181640625
[2026-05-29T19:23:28.144] [DEBUG] debug-file - Executing task :entry:clean
[2026-05-29T19:23:28.173] [DEBUG] debug-file - Current idle worker size: 1.
[2026-05-29T19:23:28.106] [DEBUG] debug-file - hvigorfile, binding system plugins [Function: hapTasks]
[2026-05-29T19:23:28.121] [DEBUG] debug-file - Module 'entry' target 'default' build option initialized
[2026-05-29T19:23:28.149] [DEBUG] debug-file - runTaskFromQueue task cost before running: 2 s 579 ms 
[2026-05-29T19:23:28.145] [DEBUG] debug-file - clean: Worker pool is inactive.
[2026-05-29T19:23:28.173] [DEBUG] debug-file - Current busy worker size: 0.
[2026-05-29T19:23:28.106] [DEBUG] debug-file - Starting plugin build process
[2026-05-29T19:23:28.121] [DEBUG] debug-file - End initialize module-target build option map, moduleName=entry
[2026-05-29T19:23:28.149] [INFO] debug-file - Finished ::clean... after 1 ms 
[2026-05-29T19:23:28.173] [DEBUG] debug-file - Clear worker 1.
[2026-05-29T19:23:28.106] [DEBUG] debug-file - Hap plugin creating...
[2026-05-29T19:23:28.121] [DEBUG] debug-file - Start initialize module-target build option map, moduleName=entry, buildMode=debug
[2026-05-29T19:23:28.149] [DEBUG] debug-file - Executing task :entry:init
[2026-05-29T19:23:28.173] [DEBUG] debug-file - Worker 1 has been cleared.
[2026-05-29T19:23:28.121] [DEBUG] debug-file - Target 'default' config initialized
[2026-05-29T19:23:28.149] [DEBUG] debug-file - entry : init cost memory 0.01263427734375
[2026-05-29T19:23:28.173] [DEBUG] debug-file - Current idle worker size: 0.
[2026-05-29T19:23:28.122] [DEBUG] debug-file - Module 'entry' target 'default' build option initialized
[2026-05-29T19:23:28.149] [DEBUG] debug-file - runTaskFromQueue task cost before running: 2 s 580 ms 
[2026-05-29T19:23:28.173] [DEBUG] debug-file - Current busy worker size: 0.
[2026-05-29T19:23:28.122] [DEBUG] debug-file - End initialize module-target build option map, moduleName=entry
[2026-05-29T19:23:28.149] [INFO] debug-file - Finished :entry:init... after 1 ms 
[2026-05-29T19:23:28.174] [DEBUG] debug-file - hvigor build process will be closed.
[2026-05-29T19:23:28.122] [DEBUG] debug-file - Obtain build option for module 'entry' target 'default'in this build.
[2026-05-29T19:23:28.149] [DEBUG] debug-file - Executing task ::init
[2026-05-29T19:23:28.177] [DEBUG] debug-file - worker[0] exits with exit code 0.
[2026-05-29T19:23:28.125] [DEBUG] debug-file - Module entry task initialization takes 3 ms 
[2026-05-29T19:23:28.149] [DEBUG] debug-file - tl-card : init cost memory 0.01141357421875
[2026-05-29T19:23:28.177] [DEBUG] debug-file - worker[1] exits with exit code 0.
[2026-05-29T19:23:28.125] [DEBUG] debug-file - Hap plugin register hook start...
[2026-05-29T19:23:28.149] [DEBUG] debug-file - runTaskFromQueue task cost before running: 2 s 580 ms 
[2026-05-29T19:23:28.178] [DEBUG] debug-file - Current worker pool is terminated.
[2026-05-29T19:23:28.125] [DEBUG] debug-file - Hap plugin register hook end...
[2026-05-29T19:23:28.150] [INFO] debug-file - Finished ::init... after 1 ms 
[2026-05-29T19:23:28.125] [DEBUG] debug-file - Plugin build process completed
[2026-05-29T19:23:28.161] [DEBUG] debug-file - Obtain build option for module 'entry' target 'default'in this build.
[2026-05-29T19:23:28.125] [DEBUG] debug-file - hvigorfile, binding custom plugins []
[2026-05-29T19:23:28.168] [DEBUG] debug-file - Since there is no instance or instance is terminated, create a new worker pool.
[2026-05-29T19:23:28.125] [DEBUG] debug-file - hvigorfile, no custom plugins were found in C:\1234\tl-card\entry\hvigorfile.ts
[2026-05-29T19:23:28.168] [DEBUG] debug-file - Worker pool is initialized with config:  {
  minPoolNum: 2,
  maxPoolNum: undefined,
  maxCoreSize: undefined,
  cacheCapacity: undefined,
  cacheTtl: undefined
}
[2026-05-29T19:23:28.125] [DEBUG] debug-file - hvigorfile, resolve finished C:\1234\tl-card\entry\hvigorfile.ts
[2026-05-29T19:23:36.078] [DEBUG] debug-file - env: nodejsVersion=v18.20.1
[2026-05-29T19:23:36.176] [DEBUG] debug-file - env: daemon=true
[2026-05-29T19:23:36.078] [DEBUG] debug-file - env: hvigor-config.json5 content = { modelVersion: '5.0.0', dependencies: {} }
[2026-05-29T19:23:37.101] [DEBUG] debug-file - java daemon tryConnect failed Error: connect ECONNREFUSED 127.0.0.1:45050
[2026-05-29T19:23:37.172] [DEBUG] debug-file - java daemon started at port 45050 pid 9424
[2026-05-29T19:23:37.194] [DEBUG] debug-file - session manager: set active socket. socketId=5_9xaoHMyLbD3q4FAAAB
[2026-05-29T19:23:37.882] [DEBUG] debug-file - watch worker: worker id should be larger than 0. Nothing will be sent to any worker thread.
[2026-05-29T19:23:37.885] [DEBUG] debug-file - Since there is no instance or instance is terminated, create a new worker pool.
[2026-05-29T19:23:37.885] [DEBUG] debug-file - Worker pool is initialized with config:  {
  minPoolNum: 2,
  maxPoolNum: undefined,
  maxCoreSize: undefined,
  cacheCapacity: undefined,
  cacheTtl: undefined
}
[2026-05-29T19:23:37.886] [DEBUG] debug-file - Create  resident worker with id: 0.
[2026-05-29T19:23:37.887] [DEBUG] debug-file - Create  resident worker with id: 1.
[2026-05-29T19:23:37.889] [DEBUG] debug-file - Workers' log level updated to INFO
[2026-05-29T19:23:37.894] [DEBUG] debug-file - Hvigor init with startParameters:{
  hvigorfileTypeCheck: false,
  parallelExecution: true,
  incrementalExecution: true,
  printStackTrace: false,
  daemon: true,
  analyze: 0,
  logLevel: Level { level: 20000, levelStr: 'INFO', colour: 'green' },
  optimizationStrategy: 'memory',
  hotCompile: undefined,
  hotReloadBuild: undefined,
  customizedParam: undefined
}
[2026-05-29T19:23:37.895] [DEBUG] debug-file - Cache service initialization finished in 1 ms 
[2026-05-29T19:23:37.897] [DEBUG] debug-file - hvigorfile, resolving C:\1234\tl-card\hvigorfile.ts
[2026-05-29T19:23:39.768] [DEBUG] debug-file - hvigorfile, require result:  { default: { plugins: [] } }
[2026-05-29T19:23:39.769] [DEBUG] debug-file - hvigorfile, binding system plugins null
[2026-05-29T19:23:39.769] [DEBUG] debug-file - Starting plugin build process
[2026-05-29T19:23:39.769] [DEBUG] debug-file - App plugin prepare start...
[2026-05-29T19:23:39.769] [DEBUG] debug-file - App plugin prepare end...
[2026-05-29T19:23:39.769] [DEBUG] debug-file - App plugin creating...
[2026-05-29T19:23:39.886] [DEBUG] debug-file - App plugin register hook start...
[2026-05-29T19:23:39.887] [DEBUG] debug-file - App plugin register hook end...
[2026-05-29T19:23:39.887] [DEBUG] debug-file - Plugin build process completed
[2026-05-29T19:23:39.888] [DEBUG] debug-file - Start initialize project's product build option map with build mode debug.
[2026-05-29T19:23:39.888] [DEBUG] debug-file - Picking option from product 'default' with build mode 'debug'.
[2026-05-29T19:23:39.888] [DEBUG] debug-file - Product 'default' build option initialized
[2026-05-29T19:23:39.888] [DEBUG] debug-file - End initialize project's product build option map with build mode 'debug'.
[2026-05-29T19:23:39.889] [DEBUG] debug-file - Obtain build option for product 'default'in this build.
[2026-05-29T19:23:39.891] [DEBUG] debug-file - No signingConfig found, initRemoteHspCache failed.
[2026-05-29T19:23:39.892] [DEBUG] debug-file - Local scan or download HarmonyOS sdk components toolchains,ets,js,native,previewer
[2026-05-29T19:23:39.895] [DEBUG] debug-file - Local scan or download hmscore sdk components toolchains,ets,native
[2026-05-29T19:23:39.896] [DEBUG] debug-file - Start recording SDK configuration permission data.
[2026-05-29T19:23:39.919] [DEBUG] debug-file - Sdk init in 28 ms 
[2026-05-29T19:23:39.925] [DEBUG] debug-file - Project task initialization takes 6 ms 
[2026-05-29T19:23:39.926] [DEBUG] debug-file - hvigorfile, binding custom plugins []
[2026-05-29T19:23:39.926] [DEBUG] debug-file - hvigorfile, no custom plugins were found in C:\1234\tl-card\hvigorfile.ts
[2026-05-29T19:23:39.926] [DEBUG] debug-file - hvigorfile, resolve finished C:\1234\tl-card\hvigorfile.ts
[2026-05-29T19:23:39.927] [DEBUG] debug-file - hvigorfile, resolving C:\1234\tl-card\entry\hvigorfile.ts
[2026-05-29T19:23:39.932] [DEBUG] debug-file - hvigorfile, require result:  { default: { plugins: [] } }
[2026-05-29T19:23:39.932] [DEBUG] debug-file - hvigorfile, binding system plugins null
[2026-05-29T19:23:39.932] [DEBUG] debug-file - Starting plugin build process
[2026-05-29T19:23:39.932] [DEBUG] debug-file - Hap plugin creating...
[2026-05-29T19:23:39.933] [DEBUG] debug-file - failed to load cangjie to dynamically generate schemas: Error: Cannot find module '@ohos/cangjie-build-support/index'
Require stack:
- C:\Program Files\Huawei\DevEco Studio\tools\hvigor\hvigor-ohos-plugin\src\plugin\hooks\cangjie-register.js
- C:\Program Files\Huawei\DevEco Studio\tools\hvigor\hvigor-ohos-plugin\src\plugin\strategy\stage-init-strategy.js
- C:\Program Files\Huawei\DevEco Studio\tools\hvigor\hvigor-ohos-plugin\src\plugin\builder\abstract-plugin-builder.js
- C:\Program Files\Huawei\DevEco Studio\tools\hvigor\hvigor-ohos-plugin\src\plugin\builder\app-plugin-builder.js
- C:\Program Files\Huawei\DevEco Studio\tools\hvigor\hvigor-ohos-plugin\src\plugin\factory\plugin-factory.js
- C:\Program Files\Huawei\DevEco Studio\tools\hvigor\hvigor-ohos-plugin\index.js
- C:\1234\tl-card\hvigorfile.ts
- C:\Program Files\Huawei\DevEco Studio\tools\hvigor\hvigor\src\base\internal\lifecycle\configuration.js
- C:\Program Files\Huawei\DevEco Studio\tools\hvigor\hvigor\src\base\boot\index.js
- C:\Program Files\Huawei\DevEco Studio\tools\hvigor\hvigor\src\base\daemon\cluster\worker-process-lifecycle.js
- C:\Program Files\Huawei\DevEco Studio\tools\hvigor\hvigor\src\base\daemon\process\daemon-process-boot-script.js
[2026-05-29T19:23:39.943] [DEBUG] debug-file - Start initialize module-target build option map, moduleName=entry, buildMode=debug
[2026-05-29T19:23:39.944] [DEBUG] debug-file - Target 'default' config initialized
[2026-05-29T19:23:39.944] [DEBUG] debug-file - Module 'entry' target 'default' build option initialized
[2026-05-29T19:23:39.944] [DEBUG] debug-file - End initialize module-target build option map, moduleName=entry
[2026-05-29T19:23:39.944] [DEBUG] debug-file - Start initialize module-target build option map, moduleName=entry, buildMode=release
[2026-05-29T19:23:39.944] [DEBUG] debug-file - Target 'default' config initialized
[2026-05-29T19:23:39.945] [DEBUG] debug-file - Module 'entry' target 'default' build option initialized
[2026-05-29T19:23:39.945] [DEBUG] debug-file - End initialize module-target build option map, moduleName=entry
[2026-05-29T19:23:39.946] [DEBUG] debug-file - Start initialize module-target build option map, moduleName=entry, buildMode=debug
[2026-05-29T19:23:39.946] [DEBUG] debug-file - Target 'default' config initialized
[2026-05-29T19:23:39.946] [DEBUG] debug-file - Module 'entry' target 'default' build option initialized
[2026-05-29T19:23:39.946] [DEBUG] debug-file - End initialize module-target build option map, moduleName=entry
[2026-05-29T19:23:39.946] [DEBUG] debug-file - Obtain build option for module 'entry' target 'default'in this build.
[2026-05-29T19:23:39.949] [DEBUG] debug-file - Module entry task initialization takes 3 ms 
[2026-05-29T19:23:39.949] [DEBUG] debug-file - Hap plugin register hook start...
[2026-05-29T19:23:39.949] [DEBUG] debug-file - Hap plugin register hook end...
[2026-05-29T19:23:39.949] [DEBUG] debug-file - Plugin build process completed
[2026-05-29T19:23:39.949] [DEBUG] debug-file - hvigorfile, binding custom plugins []
[2026-05-29T19:23:39.949] [DEBUG] debug-file - hvigorfile, no custom plugins were found in C:\1234\tl-card\entry\hvigorfile.ts
[2026-05-29T19:23:39.949] [DEBUG] debug-file - hvigorfile, resolve finished C:\1234\tl-card\entry\hvigorfile.ts
[2026-05-29T19:23:39.992] [DEBUG] debug-file - hvigorfile, resolve hvigorfile dependencies in 42 ms 
[2026-05-29T19:23:39.992] [DEBUG] debug-file - project has submodules:entry
[2026-05-29T19:23:39.994] [DEBUG] debug-file - start to load updatedOhPackageInfo to the disk
[2026-05-29T19:23:40.003] [DEBUG] debug-file - load to the disk finished
[2026-05-29T19:23:40.004] [DEBUG] debug-file - Start to initialize dependency information.
[2026-05-29T19:23:40.006] [DEBUG] debug-file - Module tl-card Collected Dependency: 
[2026-05-29T19:23:40.007] [DEBUG] debug-file - Module tl-card's total dependency: 0
[2026-05-29T19:23:40.007] [DEBUG] debug-file - Start to initialize dependency information.
[2026-05-29T19:23:40.010] [DEBUG] debug-file - Module entry Collected Dependency: 
[2026-05-29T19:23:40.010] [DEBUG] debug-file - Module entry's total dependency: 0
[2026-05-29T19:23:40.013] [DEBUG] debug-file - Configuration phase cost:2 s 118 ms 
[2026-05-29T19:23:40.014] [DEBUG] debug-file - Configuration task cost before running: 2 s 126 ms 
[2026-05-29T19:23:40.015] [DEBUG] debug-file - Executing task :entry:clean
[2026-05-29T19:23:40.015] [DEBUG] debug-file - clean: Worker pool is inactive.
[2026-05-29T19:23:40.017] [DEBUG] debug-file - entry : clean cost memory 0.08277130126953125
[2026-05-29T19:23:40.017] [DEBUG] debug-file - runTaskFromQueue task cost before running: 2 s 128 ms 
[2026-05-29T19:23:40.018] [INFO] debug-file - Finished :entry:clean... after 2 ms 
[2026-05-29T19:23:40.025] [DEBUG] debug-file - Executing task :entry:default@PreBuild
[2026-05-29T19:23:40.027] [DEBUG] debug-file - Task 'entry:default@PreBuild' cost while wrapping incremental declarations: 1 ms 
[2026-05-29T19:23:40.116] [DEBUG] debug-file - current product is not Atomic service.
[2026-05-29T19:23:40.116] [DEBUG] debug-file - Use tool [win32: JAVA_HOME, CLASSPATH]
 [
  { JAVA_HOME: 'C:\\Program Files\\Huawei\\DevEco Studio\\jbr' },
  { CLASSPATH: undefined }
]
[2026-05-29T19:23:40.116] [DEBUG] debug-file - Use tool [win32: NODE_HOME]
 [
  {
    NODE_HOME: 'C:\\Program Files\\Huawei\\DevEco Studio\\tools\\node'
  }
]
[2026-05-29T19:23:40.117] [DEBUG] debug-file - entry : default@PreBuild cost memory 10.842422485351562
[2026-05-29T19:23:40.117] [DEBUG] debug-file - runTaskFromQueue task cost before running: 2 s 229 ms 
[2026-05-29T19:23:40.120] [INFO] debug-file - Finished :entry:default@PreBuild... after 93 ms 
[2026-05-29T19:23:40.121] [DEBUG] debug-file - Executing task :entry:default@CreateModuleInfo
[2026-05-29T19:23:40.121] [DEBUG] debug-file - Task 'entry:default@CreateModuleInfo' cost while wrapping incremental declarations: 1 ms 
[2026-05-29T19:23:40.122] [DEBUG] debug-file - entry : default@CreateModuleInfo cost memory 0.04239654541015625
[2026-05-29T19:23:40.122] [DEBUG] debug-file - runTaskFromQueue task cost before running: 2 s 233 ms 
[2026-05-29T19:23:40.122] [INFO] debug-file - Finished :entry:default@CreateModuleInfo... after 1 ms 
[2026-05-29T19:23:40.123] [DEBUG] debug-file - Executing task :entry:default@GenerateMetadata
[2026-05-29T19:23:40.123] [DEBUG] debug-file - Task 'entry:default@GenerateMetadata' cost while wrapping incremental declarations: 1 ms 
[2026-05-29T19:23:40.128] [DEBUG] debug-file - entry : default@GenerateMetadata cost memory 0.06169891357421875
[2026-05-29T19:23:40.128] [DEBUG] debug-file - runTaskFromQueue task cost before running: 2 s 239 ms 
[2026-05-29T19:23:40.128] [INFO] debug-file - Finished :entry:default@GenerateMetadata... after 6 ms 
[2026-05-29T19:23:40.129] [DEBUG] debug-file - Executing task :entry:default@ConfigureCmake
[2026-05-29T19:23:40.129] [DEBUG] debug-file - entry : default@ConfigureCmake cost memory 0.0145416259765625
[2026-05-29T19:23:40.129] [DEBUG] debug-file - runTaskFromQueue task cost before running: 2 s 240 ms 
[2026-05-29T19:23:40.129] [INFO] debug-file - Finished :entry:default@ConfigureCmake... after 1 ms 
[2026-05-29T19:23:40.130] [DEBUG] debug-file - Executing task :entry:default@MergeProfile
[2026-05-29T19:23:40.131] [DEBUG] debug-file - Task 'entry:default@MergeProfile' cost while wrapping incremental declarations: 1 ms 
[2026-05-29T19:23:40.131] [DEBUG] debug-file - Change app api release type with 'Release'
[2026-05-29T19:23:40.131] [DEBUG] debug-file - Change app compile API version with '6.0.2.130'
[2026-05-29T19:23:40.131] [DEBUG] debug-file - Change app target API version with '50100018'
[2026-05-29T19:23:40.131] [DEBUG] debug-file - Change app minimum API version with '50100018'
[2026-05-29T19:23:40.132] [DEBUG] debug-file - Use cli appEnvironment
[2026-05-29T19:23:40.134] [DEBUG] debug-file - entry : default@MergeProfile cost memory 0.14456939697265625
[2026-05-29T19:23:40.134] [DEBUG] debug-file - runTaskFromQueue task cost before running: 2 s 245 ms 
[2026-05-29T19:23:40.134] [INFO] debug-file - Finished :entry:default@MergeProfile... after 4 ms 
[2026-05-29T19:23:40.135] [DEBUG] debug-file - Executing task :entry:default@CreateBuildProfile
[2026-05-29T19:23:40.136] [DEBUG] debug-file - Task 'entry:default@CreateBuildProfile' cost while wrapping incremental declarations: 1 ms 
[2026-05-29T19:23:40.138] [DEBUG] debug-file - entry : default@CreateBuildProfile cost memory 0.06365203857421875
[2026-05-29T19:23:40.138] [DEBUG] debug-file - runTaskFromQueue task cost before running: 2 s 250 ms 
[2026-05-29T19:23:40.139] [INFO] debug-file - Finished :entry:default@CreateBuildProfile... after 4 ms 
[2026-05-29T19:23:40.139] [DEBUG] debug-file - Executing task :entry:default@PreCheckSyscap
[2026-05-29T19:23:40.140] [DEBUG] debug-file - entry : default@PreCheckSyscap cost memory 0.01471710205078125
[2026-05-29T19:23:40.140] [DEBUG] debug-file - runTaskFromQueue task cost before running: 2 s 251 ms 
[2026-05-29T19:23:40.140] [INFO] debug-file - Finished :entry:default@PreCheckSyscap... after 1 ms 
[2026-05-29T19:23:40.142] [DEBUG] debug-file - Executing task :entry:default@GeneratePkgContextInfo
[2026-05-29T19:23:40.148] [DEBUG] debug-file - Task 'entry:default@GeneratePkgContextInfo' cost while wrapping incremental declarations: 1 ms 
[2026-05-29T19:23:40.149] [DEBUG] debug-file - entry : default@GeneratePkgContextInfo cost memory 0.21971893310546875
[2026-05-29T19:23:40.149] [DEBUG] debug-file - runTaskFromQueue task cost before running: 2 s 260 ms 
[2026-05-29T19:23:40.149] [INFO] debug-file - Finished :entry:default@GeneratePkgContextInfo... after 7 ms 
[2026-05-29T19:23:40.152] [DEBUG] debug-file - Executing task :entry:default@ProcessIntegratedHsp
[2026-05-29T19:23:40.153] [DEBUG] debug-file - entry : default@ProcessIntegratedHsp cost memory 0.0286865234375
[2026-05-29T19:23:40.153] [DEBUG] debug-file - runTaskFromQueue task cost before running: 2 s 264 ms 
[2026-05-29T19:23:40.153] [INFO] debug-file - Finished :entry:default@ProcessIntegratedHsp... after 1 ms 
[2026-05-29T19:23:40.154] [DEBUG] debug-file - Executing task :entry:default@BuildNativeWithCmake
[2026-05-29T19:23:40.154] [DEBUG] debug-file - entry : default@BuildNativeWithCmake cost memory 0.0149993896484375
[2026-05-29T19:23:40.155] [DEBUG] debug-file - runTaskFromQueue task cost before running: 2 s 266 ms 
[2026-05-29T19:23:40.155] [INFO] debug-file - Finished :entry:default@BuildNativeWithCmake... after 1 ms 
[2026-05-29T19:23:40.156] [DEBUG] debug-file - Executing task :entry:default@MakePackInfo
[2026-05-29T19:23:40.157] [DEBUG] debug-file - Module Pack Info:  {
  summary: {
    app: { bundleName: 'c***p', bundleType: 'app', version: [Object] },
    modules: [ [Object] ]
  },
  packages: [
    {
      deviceType: [Array],
      moduleType: 'entry',
      deliveryWithInstall: true,
      name: 'entry-default'
    }
  ]
}
[2026-05-29T19:23:40.160] [DEBUG] debug-file - entry : default@MakePackInfo cost memory 0.095550537109375
[2026-05-29T19:23:40.161] [DEBUG] debug-file - runTaskFromQueue task cost before running: 2 s 272 ms 
[2026-05-29T19:23:40.161] [INFO] debug-file - Finished :entry:default@MakePackInfo... after 6 ms 
[2026-05-29T19:23:40.162] [DEBUG] debug-file - Executing task :entry:default@SyscapTransform
[2026-05-29T19:23:40.163] [DEBUG] debug-file - File: 'C:\1234\tl-card\entry\src\main\syscap.json' from 'sysCapJsonPath' is not exists, just ignore.
[2026-05-29T19:23:40.164] [DEBUG] debug-file - Task 'entry:default@SyscapTransform' cost while wrapping incremental declarations: 2 ms 
[2026-05-29T19:23:40.165] [DEBUG] debug-file - entry : default@SyscapTransform cost memory 0.29083251953125
[2026-05-29T19:23:40.165] [DEBUG] debug-file - runTaskFromQueue task cost before running: 2 s 276 ms 
[2026-05-29T19:23:40.165] [INFO] debug-file - Finished :entry:default@SyscapTransform... after 3 ms 
[2026-05-29T19:23:40.167] [DEBUG] debug-file - Executing task :entry:default@ProcessProfile
[2026-05-29T19:23:40.168] [DEBUG] debug-file - Task 'entry:default@ProcessProfile' cost while wrapping incremental declarations: 1 ms 
[2026-05-29T19:23:40.169] [DEBUG] debug-file - [
  'C:\\Program Files\\Huawei\\DevEco Studio\\tools\\node\\node.exe',
  'C:\\Program Files\\Huawei\\DevEco Studio\\sdk\\default\\openharmony\\ets\\build-tools\\ets-loader\\bin\\ark\\ts2abc.js',
  '--target-api-version',
  '18'
]
[2026-05-29T19:23:40.434] [DEBUG] debug-file - 13.0.1.0
[2026-05-29T19:23:40.437] [DEBUG] debug-file - No need to add fake ui ability because of not in preview process.
[2026-05-29T19:23:40.439] [DEBUG] debug-file - entry : default@ProcessProfile cost memory 1.9835433959960938
[2026-05-29T19:23:40.440] [DEBUG] debug-file - runTaskFromQueue task cost before running: 2 s 551 ms 
[2026-05-29T19:23:40.440] [INFO] debug-file - Finished :entry:default@ProcessProfile... after 273 ms 
[2026-05-29T19:23:40.442] [DEBUG] debug-file - Executing task :entry:default@ProcessRouterMap
[2026-05-29T19:23:40.447] [DEBUG] debug-file - entry : default@ProcessRouterMap cost memory 0.0799407958984375
[2026-05-29T19:23:40.447] [DEBUG] debug-file - runTaskFromQueue task cost before running: 2 s 559 ms 
[2026-05-29T19:23:40.448] [INFO] debug-file - Finished :entry:default@ProcessRouterMap... after 6 ms 
[2026-05-29T19:23:40.449] [DEBUG] debug-file - Executing task :entry:default@ProcessShareConfig
[2026-05-29T19:23:40.452] [DEBUG] debug-file - entry : default@ProcessShareConfig cost memory 0.06194305419921875
[2026-05-29T19:23:40.453] [DEBUG] debug-file - runTaskFromQueue task cost before running: 2 s 564 ms 
[2026-05-29T19:23:40.453] [INFO] debug-file - Finished :entry:default@ProcessShareConfig... after 4 ms 
[2026-05-29T19:23:40.454] [DEBUG] debug-file - Executing task :entry:default@ProcessStartupConfig
[2026-05-29T19:23:40.454] [DEBUG] debug-file - Task 'entry:default@ProcessStartupConfig' cost while wrapping incremental declarations: 1 ms 
[2026-05-29T19:23:40.455] [DEBUG] debug-file - entry : default@ProcessStartupConfig cost memory 0.05738067626953125
[2026-05-29T19:23:40.455] [DEBUG] debug-file - runTaskFromQueue task cost before running: 2 s 566 ms 
[2026-05-29T19:23:40.455] [INFO] debug-file - Finished :entry:default@ProcessStartupConfig... after 1 ms 
[2026-05-29T19:23:40.456] [DEBUG] debug-file - Executing task :entry:default@BuildNativeWithNinja
[2026-05-29T19:23:40.457] [DEBUG] debug-file - entry : default@BuildNativeWithNinja cost memory 0.02585601806640625
[2026-05-29T19:23:40.457] [DEBUG] debug-file - runTaskFromQueue task cost before running: 2 s 568 ms 
[2026-05-29T19:23:40.457] [INFO] debug-file - Finished :entry:default@BuildNativeWithNinja... after 2 ms 
[2026-05-29T19:23:40.459] [DEBUG] debug-file - restool module names: entry; moduleName=entry, taskName=default@ProcessResource
[2026-05-29T19:23:40.461] [DEBUG] debug-file - Executing task :entry:default@ProcessResource
[2026-05-29T19:23:40.461] [DEBUG] debug-file - Task 'entry:default@ProcessResource' cost while wrapping incremental declarations: 1 ms 
[2026-05-29T19:23:40.464] [DEBUG] debug-file - entry : default@ProcessResource cost memory 0.10597991943359375
[2026-05-29T19:23:40.465] [DEBUG] debug-file - runTaskFromQueue task cost before running: 2 s 576 ms 
[2026-05-29T19:23:40.466] [INFO] debug-file - Finished :entry:default@ProcessResource... after 5 ms 
[2026-05-29T19:23:40.467] [DEBUG] debug-file - Executing task :entry:default@GenerateLoaderJson
[2026-05-29T19:23:40.468] [DEBUG] debug-file - Task 'entry:default@GenerateLoaderJson' cost while wrapping incremental declarations: 1 ms 
[2026-05-29T19:23:40.476] [DEBUG] debug-file - entry : default@GenerateLoaderJson cost memory 0.250579833984375
[2026-05-29T19:23:40.476] [DEBUG] debug-file - runTaskFromQueue task cost before running: 2 s 587 ms 
[2026-05-29T19:23:40.478] [INFO] debug-file - Finished :entry:default@GenerateLoaderJson... after 9 ms 
[2026-05-29T19:23:40.481] [DEBUG] debug-file - Executing task :entry:default@ProcessLibs
[2026-05-29T19:23:40.484] [DEBUG] debug-file - Worker dispatch failed, running processLibs on main thread.
[2026-05-29T19:23:40.486] [DEBUG] debug-file - entry : default@ProcessLibs cost memory 0.4656982421875
[2026-05-29T19:23:40.486] [DEBUG] debug-file - runTaskFromQueue task cost before running: 2 s 597 ms 
[2026-05-29T19:23:40.486] [INFO] debug-file - Finished :entry:default@ProcessLibs... after 6 ms 
[2026-05-29T19:23:40.488] [DEBUG] debug-file - restool module names: entry; moduleName=entry, taskName=default@CompileResource
[2026-05-29T19:23:40.488] [DEBUG] debug-file - Executing task :entry:default@CompileResource
[2026-05-29T19:23:40.566] [DEBUG] debug-file - Use tool [C:\Program Files\Huawei\DevEco Studio\sdk\default\openharmony\toolchains\restool.exe]
 [
  'C:\\Program Files\\Huawei\\DevEco Studio\\sdk\\default\\openharmony\\toolchains\\restool.exe',
  '-l',
  'C:\\1234\\tl-card\\entry\\build\\default\\intermediates\\res\\default\\resConfig.json'
]
[2026-05-29T19:23:40.568] [DEBUG] debug-file - current process  memoryUsage: {
  rss: 288919552,
  heapTotal: 180326400,
  heapUsed: 146180320,
  external: 3481306,
  arrayBuffers: 584718
} os memoryUsage :13.08493423461914
[2026-05-29T19:23:40.754] [DEBUG] debug-file - Info: Pack: normal pack mode

[2026-05-29T19:23:40.868] [DEBUG] debug-file - Info: hardware concurrency count is : 32
Info: thread count is : 32

[2026-05-29T19:23:40.868] [DEBUG] debug-file - Info: thread pool is started

[2026-05-29T19:23:40.870] [DEBUG] debug-file - Info: GenericCompiler::CompileFiles

[2026-05-29T19:23:40.878] [DEBUG] debug-file - Info: GenericCompiler::CompileFiles

[2026-05-29T19:23:40.882] [DEBUG] debug-file - Info: GenericCompiler::CompileFiles

[2026-05-29T19:23:40.893] [DEBUG] debug-file - 05-29 19:23:40.893 70884 34312 E C01400/ImageTranscoderUtils: DecodeToRGBA IN
05-29 19:23:40.893 70884 34312 E C01400/ImageTranscoderUtils: ImageFilter IN C:\1234\tl-card\AppScope\resources\base\media\app_icon.png

[2026-05-29T19:23:40.897] [DEBUG] debug-file - 05-29 19:23:40.898 70884 34312 E C01400/ImageTranscoder: TranscodeSLR Only zoom-out is supported.

[2026-05-29T19:23:40.897] [DEBUG] debug-file - Warning: ScaleImage failed, error message: INVALID_PARAMETERS, file path = C:\1234\tl-card\AppScope\resources\base\media\app_icon.png

[2026-05-29T19:23:40.901] [DEBUG] debug-file - 05-29 19:23:40.901 70884 34312 E C01400/ImageTranscoderUtils: DecodeToRGBA IN
05-29 19:23:40.901 70884 34312 E C01400/ImageTranscoderUtils: ImageFilter IN C:\1234\tl-card\entry\src\main\resources\base\media\icon.png

[2026-05-29T19:23:40.901] [DEBUG] debug-file - 05-29 19:23:40.902 70884 34312 E C01400/ImageTranscoder: TranscodeSLR Only zoom-out is supported.
Warning: ScaleImage failed, error message: INVALID_PARAMETERS, file path = C:\1234\tl-card\entry\src\main\resources\base\media\icon.png

[2026-05-29T19:23:40.906] [DEBUG] debug-file - Info: restool resources compile success.

[2026-05-29T19:23:40.906] [DEBUG] debug-file - Info: thread pool is stopped

[2026-05-29T19:23:40.978] [DEBUG] debug-file - entry : default@CompileResource cost memory 6.24346923828125
[2026-05-29T19:23:40.978] [DEBUG] debug-file - runTaskFromQueue task cost before running: 3 s 89 ms 
[2026-05-29T19:23:40.980] [INFO] debug-file - Finished :entry:default@CompileResource... after 490 ms 
[2026-05-29T19:23:40.981] [DEBUG] debug-file - Executing task :entry:default@DoNativeStrip
[2026-05-29T19:23:40.981] [DEBUG] debug-file - Task 'entry:default@DoNativeStrip' cost while wrapping incremental declarations: 1 ms 
[2026-05-29T19:23:40.984] [DEBUG] debug-file - entry : default@DoNativeStrip cost memory 0.056488037109375
[2026-05-29T19:23:40.984] [DEBUG] debug-file - runTaskFromQueue task cost before running: 3 s 95 ms 
[2026-05-29T19:23:40.984] [INFO] debug-file - Finished :entry:default@DoNativeStrip... after 4 ms 
[2026-05-29T19:23:40.985] [DEBUG] debug-file - Executing task :entry:default@CompileArkTS
[2026-05-29T19:23:40.986] [DEBUG] debug-file - obfuscationOptions: undefined
[2026-05-29T19:23:40.988] [DEBUG] debug-file - Task 'entry:default@CompileArkTS' cost while wrapping incremental declarations: 1 ms 
[2026-05-29T19:23:41.004] [DEBUG] debug-file - build config:
[2026-05-29T19:23:41.004] [DEBUG] debug-file - {
  moduleType: 'entry',
  perf: 0,
  targetName: '.default',
  packageManagerType: 'ohpm',
  localPropertiesPath: 'C:\\1234\\tl-card\\local.properties',
  isPreview: false,
  isOhosTest: false,
  isLocalTest: false,
  buildMode: 'Debug',
  hotReloadBuild: undefined,
  watchMode: 'false',
  aceProfilePath: 'C:\\1234\\tl-card\\entry\\build\\default\\intermediates\\res\\default\\resources\\base\\profile',
  etsLoaderPath: 'C:\\Program Files\\Huawei\\DevEco Studio\\sdk\\default\\openharmony\\ets\\build-tools\\ets-loader',
  modulePath: 'C:\\1234\\tl-card\\entry',
  testFrameworkPar: {
    testMode: undefined,
    coveragePathFilter: undefined,
    coverageMode: undefined
  },
  needCoverageInsert: false,
  debugLine: false,
  projectTopDir: 'C:\\1234\\tl-card',
  compileSdkVersion: 22,
  compatibleSdkVersion: 18,
  originCompatibleSdkVersion: '5.1.0(18)',
  compatibleSdkVersionStage: undefined,
  bundleName: 'c***p',
  etsLoaderVersion: '6.0.2.130',
  etsLoaderReleaseType: 'Release',
  aotCompileMode: 'type',
  apPath: 'C:\\1234\\tl-card\\entry\\modules.ap',
  entryModuleName: 'entry',
  entryModuleVersion: '1.0.0',
  entryPackageName: 'entry',
  allModuleNameHash: '4bf12a653dcef64469a7584816380f08c3daa4e1ed78e59fe0b729a6b5c62f8e',
  externalApiPaths: [
    'C:\\Program Files\\Huawei\\DevEco Studio\\sdk\\default\\hms\\ets'
  ],
  compilerTypes: [],
  isCrossplatform: false,
  hvigorPluginFile: undefined,
  compilePluginPath: undefined,
  buildGeneratedProfilePath: 'C:\\1234\\tl-card\\entry\\build\\default\\generated\\profile\\default',
  bundleType: 'app',
  arkTSVersion: undefined,
  apiVersion: 22,
  needCompleteSourcesMap: false,
  isFaMode: false,
  buildDir: 'C:\\1234\\tl-card\\entry\\build',
  deviceTypes: [ 'phone', 'tablet' ],
  pkgContextInfo: undefined,
  ohPackagePathMap: {},
  dependencyAliasMap: {},
  permission: { requestPermissions: undefined, definePermissions: undefined },
  useGetCurrentBundleName: false,
  projectArkOption: undefined,
  sourceMapDir: undefined,
  branchElimination: false,
  transformLib: undefined,
  tsImportSendable: false,
  resolveConflictMode: true,
  depName2RootPath: {},
  depName2DepInfo: {},
  rootPathSet: [ 'C:\\1234\\tl-card' ],
  useNativeResolver: true,
  shouldEmitJs: true,
  useTscResolve: false,
  singleFileEmit: false,
  userProjectConfig: {
    autoLazyImport: false,
    allowEmptyBundleName: false,
    reExportCheckMode: 'noCheck',
    executionMode: 'memory',
    usePathPlaceholder: false,
    writeRollupCache: true,
    isExpandImportEnabled: false,
    expandImportExclude: '',
    lazyImportExclude: '',
    lazyImportInclude: '',
    ignoreCrossplatformCheck: false,
    isHarDeduplicateEnabled: false,
    skipOhModulesLint: false,
    enableStrictCheckOHModule: false,
    disableSendableCheckRules: [],
    useDeclarationFileSignature: false,
    customizedOptions: undefined,
    integratedHsp: false,
    isPreloadSoEnabled: false
  },
  executionMode: 'memory',
  arkCompileCachePath: 'C:\\1234\\tl-card\\entry\\build\\default\\cache\\default\\default@CompileArkTS\\esmodule',
  autoLazyFilter: undefined,
  isHarDeduplicateEnabled: false,
  intermediateHarDuplicateDirPath: 'C:\\1234\\tl-card\\entry\\build\\default\\intermediates\\har_duplicate\\default',
  autoLazyImport: false,
  allowEmptyBundleName: false,
  reExportCheckMode: 'noCheck',
  usePathPlaceholder: false,
  writeRollupCache: true,
  isExpandImportEnabled: false,
  expandImportExclude: '',
  lazyImportExclude: '',
  lazyImportInclude: '',
  ignoreCrossplatformCheck: false,
  skipOhModulesLint: false,
  enableStrictCheckOHModule: false,
  disableSendableCheckRules: [],
  useDeclarationFileSignature: false,
  customizedOptions: undefined,
  integratedHsp: false,
  isPreloadSoEnabled: false,
  strictMode: undefined,
  useNormalizedOHMUrl: false,
  caseSensitiveCheck: false,
  aceModuleJsonPath: 'C:\\1234\\tl-card\\entry\\build\\default\\intermediates\\res\\default\\ark_module.json',
  appResource: 'C:\\1234\\tl-card\\entry\\build\\default\\intermediates\\res\\default\\ResourceTable.txt',
  rawFileResource: 'C:\\1234\\tl-card\\entry\\build\\default\\intermediates\\res\\default\\resources\\rawfile',
  resourceTableHash: '42116fa57be9f8ac9defd210768d75e197c8b8faeb2d6536c1e619711672b5b7',
  runtimeOS: 'HarmonyOS',
  sdkInfo: 'false:22:6.0.2.130:Release',
  aceModuleRoot: 'C:\\1234\\tl-card\\entry\\src\\main\\ets',
  compileMode: 'esmodule',
  aceSuperVisualPath: 'C:\\1234\\tl-card\\entry\\src\\main\\supervisual',
  aceBuildJson: 'C:\\1234\\tl-card\\entry\\build\\default\\intermediates\\loader\\default\\loader.json',
  cachePath: 'C:\\1234\\tl-card\\entry\\build\\default\\cache\\default\\default@CompileArkTS\\esmodule\\debug',
  aceModuleBuild: 'C:\\1234\\tl-card\\entry\\build\\default\\intermediates\\loader_out\\default\\ets',
  supportChunks: true,
  declaredFilesPath: undefined,
  shouldCollectDirectImportees: false,
  isByteCodeHarOptimize: false,
  expandImportPath: undefined,
  pkgNameToPkgBriefInfo: {
    entry: {
      pkgRoot: 'C:\\1234\\tl-card\\entry',
      originalSourceRoots: undefined,
      sourceRoots: [Array],
      pkgName: 'entry'
    }
  },
  projectModel: {
    'C:\\1234\\tl-card\\entry\\src\\main': {
      moduleName: 'entry',
      modulePkgPath: 'C:\\1234\\tl-card\\entry',
      belongProjectPath: 'C:\\1234\\tl-card'
    },
    'C:\\1234\\tl-card\\entry': {
      moduleName: 'entry',
      modulePkgPath: 'C:\\1234\\tl-card\\entry',
      belongProjectPath: 'C:\\1234\\tl-card'
    },
    'C:\\1234\\tl-card': {
      moduleName: 'tl-card',
      modulePkgPath: 'C:\\1234\\tl-card',
      belongProjectPath: 'C:\\1234\\tl-card'
    }
  },
  pkgJsonFileHash: '1f699c8cdaf5d625f0532deee1df5fc1579578917403f0bf35ddbdec23da4c22',
  allModulePaths: [ 'C:\\1234\\tl-card\\entry' ],
  routerMap: {},
  obfuscationOptions: undefined,
  byteCodeHarToDependencyKeys: undefined,
  compileBlockPkg: [],
  mockParams: {
    decorator: '@MockSetup',
    packageName: '@ohos/hamock',
    etsSourceRootPath: 'src/main/ets',
    mockConfigPath: undefined,
    mockConfigKey2ModuleInfo: {},
    source2ModuleIdMap: {}
  },
  copyCodeResourceEnable: true,
  copyCodeResourceExcludes: [],
  copyCodeResourceIncludes: undefined,
  uiTransformOptimization: false,
  sdkPath: 'C:/Program Files/Huawei/DevEco Studio/sdk',
  needPreloadSoFileSet: {},
  preloadSoFilePath: 'C:\\1234\\tl-card\\entry\\build\\default\\intermediates\\preload\\default\\preload.json',
  useSourceHash: false,
  localModuleParamMap: {},
  otherPaths: {
    'entry/*': [
      '..\\*',
      '..\\..\\..\\build\\default\\generated\\profile\\default\\*'
    ]
  },
  collectImportersConfig: undefined
}
[2026-05-29T19:23:41.004] [DEBUG] debug-file - Compile arkts with external api path: C:\Program Files\Huawei\DevEco Studio\sdk\default\hms\ets
[2026-05-29T19:23:41.007] [DEBUG] debug-file - default@CompileArkTS work[0] is submitted.
[2026-05-29T19:23:41.007] [DEBUG] debug-file - default@CompileArkTS work[0] is pushed to ready queue.
[2026-05-29T19:23:41.007] [DEBUG] debug-file - A work dispatched to worker[31] failed because unable to get work from ready queue.
[2026-05-29T19:23:41.007] [DEBUG] debug-file - A work dispatched to worker[30] failed because unable to get work from ready queue.
[2026-05-29T19:23:41.007] [DEBUG] debug-file - A work dispatched to worker[29] failed because unable to get work from ready queue.
[2026-05-29T19:23:41.008] [DEBUG] debug-file - A work dispatched to worker[28] failed because unable to get work from ready queue.
[2026-05-29T19:23:41.008] [DEBUG] debug-file - A work dispatched to worker[27] failed because unable to get work from ready queue.
[2026-05-29T19:23:41.008] [DEBUG] debug-file - A work dispatched to worker[26] failed because unable to get work from ready queue.
[2026-05-29T19:23:41.008] [DEBUG] debug-file - A work dispatched to worker[25] failed because unable to get work from ready queue.
[2026-05-29T19:23:41.008] [DEBUG] debug-file - A work dispatched to worker[24] failed because unable to get work from ready queue.
[2026-05-29T19:23:41.008] [DEBUG] debug-file - A work dispatched to worker[23] failed because unable to get work from ready queue.
[2026-05-29T19:23:41.008] [DEBUG] debug-file - A work dispatched to worker[22] failed because unable to get work from ready queue.
[2026-05-29T19:23:41.008] [DEBUG] debug-file - A work dispatched to worker[21] failed because unable to get work from ready queue.
[2026-05-29T19:23:41.008] [DEBUG] debug-file - A work dispatched to worker[20] failed because unable to get work from ready queue.
[2026-05-29T19:23:41.008] [DEBUG] debug-file - A work dispatched to worker[19] failed because unable to get work from ready queue.
[2026-05-29T19:23:41.008] [DEBUG] debug-file - A work dispatched to worker[18] failed because unable to get work from ready queue.
[2026-05-29T19:23:41.008] [DEBUG] debug-file - A work dispatched to worker[17] failed because unable to get work from ready queue.
[2026-05-29T19:23:41.008] [DEBUG] debug-file - A work dispatched to worker[16] failed because unable to get work from ready queue.
[2026-05-29T19:23:41.008] [DEBUG] debug-file - A work dispatched to worker[15] failed because unable to get work from ready queue.
[2026-05-29T19:23:41.008] [DEBUG] debug-file - A work dispatched to worker[14] failed because unable to get work from ready queue.
[2026-05-29T19:23:41.008] [DEBUG] debug-file - A work dispatched to worker[13] failed because unable to get work from ready queue.
[2026-05-29T19:23:41.008] [DEBUG] debug-file - A work dispatched to worker[12] failed because unable to get work from ready queue.
[2026-05-29T19:23:41.008] [DEBUG] debug-file - A work dispatched to worker[11] failed because unable to get work from ready queue.
[2026-05-29T19:23:41.008] [DEBUG] debug-file - A work dispatched to worker[10] failed because unable to get work from ready queue.
[2026-05-29T19:23:41.008] [DEBUG] debug-file - A work dispatched to worker[9] failed because unable to get work from ready queue.
[2026-05-29T19:23:41.008] [DEBUG] debug-file - A work dispatched to worker[8] failed because unable to get work from ready queue.
[2026-05-29T19:23:41.008] [DEBUG] debug-file - A work dispatched to worker[7] failed because unable to get work from ready queue.
[2026-05-29T19:23:41.008] [DEBUG] debug-file - A work dispatched to worker[6] failed because unable to get work from ready queue.
[2026-05-29T19:23:41.008] [DEBUG] debug-file - A work dispatched to worker[5] failed because unable to get work from ready queue.
[2026-05-29T19:23:41.008] [DEBUG] debug-file - Create  resident worker with id: 4.
[2026-05-29T19:23:41.010] [DEBUG] debug-file - default@CompileArkTS work[0] has been dispatched to worker[4].
[2026-05-29T19:23:41.010] [DEBUG] debug-file - default@CompileArkTS work[0] is dispatched.
[2026-05-29T19:23:41.010] [DEBUG] debug-file - CopyResources startTime: 458924094050600
[2026-05-29T19:23:41.010] [DEBUG] debug-file - default@CompileArkTS work[1] is submitted.
[2026-05-29T19:23:41.010] [DEBUG] debug-file - default@CompileArkTS work[1] is pushed to ready queue.
[2026-05-29T19:23:41.010] [DEBUG] debug-file - A work dispatched to worker[31] failed because unable to get work from ready queue.
[2026-05-29T19:23:41.010] [DEBUG] debug-file - Create  resident worker with id: 30.
[2026-05-29T19:23:41.011] [DEBUG] debug-file - default@CompileArkTS work[1] has been dispatched to worker[30].
[2026-05-29T19:23:41.011] [DEBUG] debug-file - default@CompileArkTS work[1] is dispatched.
[2026-05-29T19:23:41.011] [DEBUG] debug-file - entry : default@CompileArkTS cost memory 2.0772552490234375
[2026-05-29T19:23:41.013] [DEBUG] debug-file - Executing task :entry:default@BuildJS
[2026-05-29T19:23:41.013] [DEBUG] debug-file - Task 'entry:default@BuildJS' cost while wrapping incremental declarations: 1 ms 
[2026-05-29T19:23:41.016] [DEBUG] debug-file - entry : default@BuildJS cost memory 0.136566162109375
[2026-05-29T19:23:41.016] [DEBUG] debug-file - runTaskFromQueue task cost before running: 3 s 128 ms 
[2026-05-29T19:23:41.017] [INFO] debug-file - Finished :entry:default@BuildJS... after 4 ms 
[2026-05-29T19:23:41.018] [DEBUG] debug-file - Executing task :entry:default@CacheNativeLibs
[2026-05-29T19:23:41.018] [DEBUG] debug-file - Task 'entry:default@CacheNativeLibs' cost while wrapping incremental declarations: 1 ms 
[2026-05-29T19:23:41.019] [DEBUG] debug-file - default@CacheNativeLibs work[2] is submitted.
[2026-05-29T19:23:41.019] [DEBUG] debug-file - default@CacheNativeLibs work[2] is pushed to ready queue.
[2026-05-29T19:23:41.019] [DEBUG] debug-file - A work dispatched to worker[31] failed because unable to get work from ready queue.
[2026-05-29T19:23:41.019] [DEBUG] debug-file - A work dispatched to worker[30] failed because of worker busy.
[2026-05-29T19:23:41.019] [DEBUG] debug-file - Create  resident worker with id: 29.
[2026-05-29T19:23:41.019] [DEBUG] debug-file - default@CacheNativeLibs work[2] has been dispatched to worker[29].
[2026-05-29T19:23:41.019] [DEBUG] debug-file - default@CacheNativeLibs work[2] is dispatched.
[2026-05-29T19:23:41.019] [DEBUG] debug-file - entry : default@CacheNativeLibs cost memory 0.15129852294921875
[2026-05-29T19:23:42.117] [DEBUG] debug-file - worker[30] has one work done.
[2026-05-29T19:23:42.117] [DEBUG] debug-file - CopyResources is end, endTime: 458925201011200
[2026-05-29T19:23:42.117] [DEBUG] debug-file - default@CompileArkTS work[1] done.
[2026-05-29T19:23:42.117] [DEBUG] debug-file - A work dispatched to worker[30] failed because unable to get work from ready queue.
[2026-05-29T19:23:42.223] [DEBUG] debug-file - worker[29] has one work done.
[2026-05-29T19:23:42.223] [DEBUG] debug-file - default@CacheNativeLibs work[2] done.
[2026-05-29T19:23:42.223] [DEBUG] debug-file - A work dispatched to worker[29] failed because unable to get work from ready queue.
[2026-05-29T19:23:42.224] [INFO] debug-file - Finished :entry:default@CacheNativeLibs... after 8 ms 
[2026-05-29T19:23:47.499] [DEBUG] debug-file - worker[4] has one work error.
[2026-05-29T19:23:47.499] [DEBUG] debug-file - default@CompileArkTS work[0] failed.
[2026-05-29T19:23:47.499] [DEBUG] debug-file - Ark compile task finished.finished time is 458930582717200
[2026-05-29T19:23:47.499] [ERROR] debug-file - Failed :entry:default@CompileArkTS... 
[2026-05-29T19:23:47.499] [WARN] debug-file - 
[33m1 WARN: [33m[33mArkTS:WARN File: C:/1234/tl-card/entry/src/main/ets/pages/MainPage.ets:103:20
 'pushUrl' has been deprecated.
[39m[39m
[33m2 WARN: [33m[33mArkTS:WARN File: C:/1234/tl-card/entry/src/main/ets/pages/ResultPage.ets:23:36
 'back' has been deprecated.
[39m[39m
[33m3 WARN: [33m[33mArkTS:WARN File: C:/1234/tl-card/entry/src/main/ets/pages/ResultPage.ets:57:33
 'back' has been deprecated.
[39m[39m
[2026-05-29T19:23:47.500] [DEBUG] debug-file - hvigor build process will be closed with an error.
[2026-05-29T19:23:47.500] [DEBUG] debug-file - ERROR: stacktrace = Error: ArkTS Compiler Error
[31m1 ERROR: [31m10905209 ArkTS Compiler Error
Error Message: Only UI component syntax can be written here. At File: C:/1234/tl-card/entry/src/main/ets/pages/MainPage.ets:113:5
[39m
[39m
[31mCOMPILE RESULT:FAIL {ERROR:2 WARN:3}[39m
    at runArkPack (C:\Program Files\Huawei\DevEco Studio\tools\hvigor\hvigor-ohos-plugin\node_modules\@ohos\hvigor-arkts-compose\dist\src\arkts-pack.js:1:5860)
ArkTSCompilerError: ArkTS Compiler Error
    at throwArkTsCompilerError (C:\Program Files\Huawei\DevEco Studio\tools\hvigor\hvigor-ohos-plugin\node_modules\@ohos\hvigor-arkts-compose\dist\src\data\compose-error.js:1:423)
    at throwErrorIfHasErrorInfo (C:\Program Files\Huawei\DevEco Studio\tools\hvigor\hvigor-ohos-plugin\node_modules\@ohos\hvigor-arkts-compose\dist\src\plugins\common-plugin.js:1:4478)
    at Object.handler (C:\Program Files\Huawei\DevEco Studio\tools\hvigor\hvigor-ohos-plugin\node_modules\@ohos\hvigor-arkts-compose\dist\src\plugins\common-plugin.js:1:2547)
    at C:\Program Files\Huawei\DevEco Studio\tools\hvigor\hvigor-ohos-plugin\node_modules\@ohos\hvigor-arkts-base\node_modules\rollup\dist\shared\rollup.js:27765:40
[2026-05-29T19:23:47.500] [ERROR] debug-file - Error: ArkTS Compiler Error
[31m1 ERROR: [31m10905209 ArkTS Compiler Error
Error Message: Only UI component syntax can be written here. At File: C:/1234/tl-card/entry/src/main/ets/pages/MainPage.ets:113:5
[39m
[39m
[31mCOMPILE RESULT:FAIL {ERROR:2 WARN:3}[39m
    at runArkPack (C:\Program Files\Huawei\DevEco Studio\tools\hvigor\hvigor-ohos-plugin\node_modules\@ohos\hvigor-arkts-compose\dist\src\arkts-pack.js:1:5860)
ArkTSCompilerError: ArkTS Compiler Error
    at throwArkTsCompilerError (C:\Program Files\Huawei\DevEco Studio\tools\hvigor\hvigor-ohos-plugin\node_modules\@ohos\hvigor-arkts-compose\dist\src\data\compose-error.js:1:423)
    at throwErrorIfHasErrorInfo (C:\Program Files\Huawei\DevEco Studio\tools\hvigor\hvigor-ohos-plugin\node_modules\@ohos\hvigor-arkts-compose\dist\src\plugins\common-plugin.js:1:4478)
    at Object.handler (C:\Program Files\Huawei\DevEco Studio\tools\hvigor\hvigor-ohos-plugin\node_modules\@ohos\hvigor-arkts-compose\dist\src\plugins\common-plugin.js:1:2547)
    at C:\Program Files\Huawei\DevEco Studio\tools\hvigor\hvigor-ohos-plugin\node_modules\@ohos\hvigor-arkts-base\node_modules\rollup\dist\shared\rollup.js:27765:40
[2026-05-29T19:23:47.509] [ERROR] debug-file - BUILD FAILED in 9 s 620 ms 
[2026-05-29T19:23:47.511] [DEBUG] debug-file - Update task entry:default@PreBuild input file:C:\1234\tl-card\AppScope\app.json5 cache by regenerate.
[2026-05-29T19:23:47.511] [DEBUG] debug-file - Update task entry:default@PreBuild input file:C:\1234\tl-card\entry\src\main\module.json5 cache by regenerate.
[2026-05-29T19:23:47.512] [DEBUG] debug-file - Update task entry:default@PreBuild input file:C:\1234\tl-card\build-profile.json5 cache by regenerate.
[2026-05-29T19:23:47.512] [DEBUG] debug-file - Update task entry:default@PreBuild input file:C:\1234\tl-card\entry\build-profile.json5 cache by regenerate.
[2026-05-29T19:23:47.512] [DEBUG] debug-file - Update task entry:default@PreBuild input file:C:\1234\tl-card\entry\src\main\resources\base\profile\main_pages.json cache by regenerate.
[2026-05-29T19:23:47.512] [DEBUG] debug-file - Update task entry:default@PreBuild input file:C:\1234\tl-card\hvigor\hvigor-config.json5 cache by regenerate.
[2026-05-29T19:23:47.513] [DEBUG] debug-file - Update task entry:default@PreBuild input file:C:\1234\tl-card\entry\oh-package.json5 cache by regenerate.
[2026-05-29T19:23:47.513] [DEBUG] debug-file - Update task entry:default@PreBuild input file:C:\1234\tl-card\oh-package.json5 cache by regenerate.
[2026-05-29T19:23:47.513] [DEBUG] debug-file - Incremental task entry:default@PreBuild post-execution cost:4 ms .
[2026-05-29T19:23:47.513] [DEBUG] debug-file - Update task entry:default@CreateModuleInfo output file:C:\1234\tl-card\entry\build\default\generated\profile\default\ModuleInfo.ts cache.
[2026-05-29T19:23:47.514] [DEBUG] debug-file - Incremental task entry:default@CreateModuleInfo post-execution cost:1 ms .
[2026-05-29T19:23:47.514] [DEBUG] debug-file - Update task entry:default@GenerateMetadata input file:C:\1234\tl-card\entry\src\main\module.json5 cache by regenerate.
[2026-05-29T19:23:47.514] [DEBUG] debug-file - Update task entry:default@GenerateMetadata output file:C:\1234\tl-card\entry\build\default\intermediates\hap_metadata\default\output_metadata.json cache.
[2026-05-29T19:23:47.515] [DEBUG] debug-file - Incremental task entry:default@GenerateMetadata post-execution cost:1 ms .
[2026-05-29T19:23:47.515] [DEBUG] debug-file - Update task entry:default@MergeProfile input file:C:\1234\tl-card\AppScope\app.json5 cache by regenerate.
[2026-05-29T19:23:47.515] [DEBUG] debug-file - Update task entry:default@MergeProfile input file:C:\1234\tl-card\build-profile.json5 cache by regenerate.
[2026-05-29T19:23:47.515] [DEBUG] debug-file - Update task entry:default@MergeProfile input file:C:\1234\tl-card\entry\src\main\module.json5 cache by regenerate.
[2026-05-29T19:23:47.516] [DEBUG] debug-file - Update task entry:default@MergeProfile output file:C:\1234\tl-card\entry\build\default\intermediates\merge_profile\default\module.json cache.
[2026-05-29T19:23:47.516] [DEBUG] debug-file - Incremental task entry:default@MergeProfile post-execution cost:2 ms .
[2026-05-29T19:23:47.516] [DEBUG] debug-file - Update task entry:default@CreateBuildProfile input file:C:\1234\tl-card\AppScope\app.json5 cache by regenerate.
[2026-05-29T19:23:47.517] [DEBUG] debug-file - Update task entry:default@CreateBuildProfile input file:C:\1234\tl-card\build-profile.json5 cache by regenerate.
[2026-05-29T19:23:47.517] [DEBUG] debug-file - Update task entry:default@CreateBuildProfile output file:C:\1234\tl-card\entry\build\default\generated\profile\default\BuildProfile.ets cache.
[2026-05-29T19:23:47.517] [DEBUG] debug-file - Incremental task entry:default@CreateBuildProfile post-execution cost:1 ms .
[2026-05-29T19:23:47.517] [DEBUG] debug-file - Update task entry:default@GeneratePkgContextInfo output file:C:\1234\tl-card\entry\build\default\intermediates\loader\default\pkgContextInfo.json cache.
[2026-05-29T19:23:47.517] [DEBUG] debug-file - Incremental task entry:default@GeneratePkgContextInfo post-execution cost:1 ms .
[2026-05-29T19:23:47.517] [DEBUG] debug-file - Update task entry:default@ProcessIntegratedHsp output file:C:\1234\tl-card\build\cache\default\integrated_hsp\integratedHspCache.json cache.
[2026-05-29T19:23:47.518] [DEBUG] debug-file - Incremental task entry:default@ProcessIntegratedHsp post-execution cost:1 ms .
[2026-05-29T19:23:47.518] [DEBUG] debug-file - Update task entry:default@MakePackInfo input file:C:\1234\tl-card\AppScope\app.json5 cache by regenerate.
[2026-05-29T19:23:47.518] [DEBUG] debug-file - Update task entry:default@MakePackInfo input file:C:\1234\tl-card\entry\src\main\module.json5 cache by regenerate.
[2026-05-29T19:23:47.518] [DEBUG] debug-file - Update task entry:default@MakePackInfo input file:C:\1234\tl-card\build-profile.json5 cache by regenerate.
[2026-05-29T19:23:47.519] [DEBUG] debug-file - Update task entry:default@MakePackInfo output file:C:\1234\tl-card\entry\build\default\outputs\default\pack.info cache.
[2026-05-29T19:23:47.519] [DEBUG] debug-file - Incremental task entry:default@MakePackInfo post-execution cost:2 ms .
[2026-05-29T19:23:47.519] [DEBUG] debug-file - Update task entry:default@SyscapTransform input file:C:\Program Files\Huawei\DevEco Studio\sdk\default\openharmony\toolchains\syscap_tool.exe cache by regenerate.
[2026-05-29T19:23:47.519] [DEBUG] debug-file - Update task entry:default@SyscapTransform input file:C:\Program Files\Huawei\DevEco Studio\sdk\default\openharmony\ets\api\device-define cache by regenerate.
[2026-05-29T19:23:47.531] [DEBUG] debug-file - Update task entry:default@SyscapTransform output file:C:\1234\tl-card\entry\build\default\intermediates\syscap\default\rpcid.sc cache.
[2026-05-29T19:23:47.531] [DEBUG] debug-file - Incremental task entry:default@SyscapTransform post-execution cost:13 ms .
[2026-05-29T19:23:47.531] [DEBUG] debug-file - Update task entry:default@ProcessProfile input file:C:\1234\tl-card\entry\build\default\intermediates\merge_profile\default\module.json cache by regenerate.
[2026-05-29T19:23:47.531] [DEBUG] debug-file - Update task entry:default@ProcessProfile output file:C:\1234\tl-card\entry\build\default\intermediates\process_profile\default\module.json cache.
[2026-05-29T19:23:47.532] [DEBUG] debug-file - Incremental task entry:default@ProcessProfile post-execution cost:1 ms .
[2026-05-29T19:23:47.532] [DEBUG] debug-file - Update task entry:default@ProcessRouterMap input file:C:\1234\tl-card\entry\oh-package.json5 cache by regenerate.
[2026-05-29T19:23:47.532] [DEBUG] debug-file - Update task entry:default@ProcessRouterMap input file:C:\1234\tl-card\oh-package.json5 cache by regenerate.
[2026-05-29T19:23:47.532] [DEBUG] debug-file - Update task entry:default@ProcessRouterMap input file:C:\1234\tl-card\entry\src\main\module.json5 cache by regenerate.
[2026-05-29T19:23:47.533] [DEBUG] debug-file - Update task entry:default@ProcessRouterMap output file:C:\1234\tl-card\entry\build\default\intermediates\router_map\default\temp-router-map.json cache.
[2026-05-29T19:23:47.533] [DEBUG] debug-file - Update task entry:default@ProcessRouterMap output file:C:\1234\tl-card\entry\build\default\intermediates\router_map\default\loader-router-map.json cache.
[2026-05-29T19:23:47.533] [DEBUG] debug-file - Incremental task entry:default@ProcessRouterMap post-execution cost:2 ms .
[2026-05-29T19:23:47.533] [DEBUG] debug-file - Update task entry:default@ProcessShareConfig input file:C:\1234\tl-card\entry\oh-package.json5 cache by regenerate.
[2026-05-29T19:23:47.534] [DEBUG] debug-file - Update task entry:default@ProcessShareConfig input file:C:\1234\tl-card\oh-package.json5 cache by regenerate.
[2026-05-29T19:23:47.534] [DEBUG] debug-file - Update task entry:default@ProcessShareConfig input file:C:\1234\tl-card\entry\src\main\module.json5 cache by regenerate.
[2026-05-29T19:23:47.534] [DEBUG] debug-file - Update task entry:default@ProcessShareConfig output file:C:\1234\tl-card\entry\build\default\intermediates\share_config\default\temp-share-config.json cache.
[2026-05-29T19:23:47.534] [DEBUG] debug-file - Incremental task entry:default@ProcessShareConfig post-execution cost:2 ms .
[2026-05-29T19:23:47.535] [DEBUG] debug-file - Update task entry:default@ProcessStartupConfig output file:C:\1234\tl-card\entry\build\default\intermediates\startup\default\startup_config.json cache.
[2026-05-29T19:23:47.535] [DEBUG] debug-file - Incremental task entry:default@ProcessStartupConfig post-execution cost:1 ms .
[2026-05-29T19:23:47.535] [DEBUG] debug-file - Update task entry:default@ProcessResource output file:C:\1234\tl-card\entry\build\default\intermediates\res\default\resConfig.json cache.
[2026-05-29T19:23:47.535] [DEBUG] debug-file - Update task entry:default@ProcessResource output file:C:\1234\tl-card\entry\build\default\intermediates\res\default\opt-compression.json cache.
[2026-05-29T19:23:47.535] [DEBUG] debug-file - Incremental task entry:default@ProcessResource post-execution cost:1 ms .
[2026-05-29T19:23:47.536] [DEBUG] debug-file - Update task entry:default@GenerateLoaderJson input file:C:\1234\tl-card\entry\build\default\intermediates\router_map\default\temp-router-map.json cache by regenerate.
[2026-05-29T19:23:47.536] [DEBUG] debug-file - Update task entry:default@GenerateLoaderJson output file:C:\1234\tl-card\entry\build\default\intermediates\loader\default\loader.json cache.
[2026-05-29T19:23:47.537] [DEBUG] debug-file - Incremental task entry:default@GenerateLoaderJson post-execution cost:2 ms .
[2026-05-29T19:23:47.537] [DEBUG] debug-file - Update task entry:default@ProcessLibs input file:C:\1234\tl-card\build-profile.json5 cache by regenerate.
[2026-05-29T19:23:47.537] [DEBUG] debug-file - Update task entry:default@ProcessLibs input file:C:\1234\tl-card\entry\build-profile.json5 cache by regenerate.
[2026-05-29T19:23:47.537] [DEBUG] debug-file - Update task entry:default@ProcessLibs output file:C:\1234\tl-card\entry\build\default\intermediates\libs\default cache.
[2026-05-29T19:23:47.538] [DEBUG] debug-file - Incremental task entry:default@ProcessLibs post-execution cost:1 ms .
[2026-05-29T19:23:47.539] [DEBUG] debug-file - Update task entry:default@CompileResource input file:C:\1234\tl-card\entry\src\main\resources cache by regenerate.
[2026-05-29T19:23:47.540] [DEBUG] debug-file - Update task entry:default@CompileResource input file:C:\1234\tl-card\AppScope\resources cache by regenerate.
[2026-05-29T19:23:47.541] [DEBUG] debug-file - Update task entry:default@CompileResource input file:C:\1234\tl-card\entry\build\default\intermediates\process_profile\default\module.json cache by regenerate.
[2026-05-29T19:23:47.542] [DEBUG] debug-file - Update task entry:default@CompileResource input file:C:\1234\tl-card\entry\build\default\intermediates\res\default\resConfig.json cache by regenerate.
[2026-05-29T19:23:47.542] [DEBUG] debug-file - Update task entry:default@CompileResource output file:C:\1234\tl-card\entry\build\default\intermediates\res\default cache.
[2026-05-29T19:23:47.545] [DEBUG] debug-file - Update task entry:default@CompileResource output file:C:\1234\tl-card\entry\build\default\generated\r\default\ResourceTable.h cache.
[2026-05-29T19:23:47.546] [DEBUG] debug-file - Update task entry:default@CompileResource output file:C:\1234\tl-card\entry\build\default\generated\r\default cache.
[2026-05-29T19:23:47.546] [DEBUG] debug-file - Incremental task entry:default@CompileResource post-execution cost:9 ms .
[2026-05-29T19:23:47.546] [DEBUG] debug-file - Update task entry:default@DoNativeStrip input file:C:\1234\tl-card\entry\build\default\intermediates\libs\default cache by regenerate.
[2026-05-29T19:23:47.546] [DEBUG] debug-file - Update task entry:default@DoNativeStrip output file:C:\1234\tl-card\entry\build\default\intermediates\stripped_native_libs\default cache.
[2026-05-29T19:23:47.547] [DEBUG] debug-file - Incremental task entry:default@DoNativeStrip post-execution cost:1 ms .
[2026-05-29T19:23:47.549] [DEBUG] debug-file - Update task entry:default@CompileArkTS input file:C:\1234\tl-card\entry\build\default\intermediates\loader\default cache by regenerate.
[2026-05-29T19:23:47.549] [DEBUG] debug-file - Update task entry:default@CompileArkTS input file:C:\1234\tl-card\entry\build\default\intermediates\res\default\ResourceTable.txt cache by regenerate.
[2026-05-29T19:23:47.549] [DEBUG] debug-file - Update task entry:default@CompileArkTS input file:C:\1234\tl-card\entry\build\default\intermediates\res\default\ark_module.json cache by regenerate.
[2026-05-29T19:23:47.549] [DEBUG] debug-file - Update task entry:default@CompileArkTS input file:C:\1234\tl-card\entry\build\default\intermediates\res\default\resources\base\profile cache by regenerate.
[2026-05-29T19:23:47.550] [DEBUG] debug-file - Update task entry:default@CompileArkTS input file:C:\1234\tl-card\entry\src\main\ets cache by regenerate.
[2026-05-29T19:23:47.552] [DEBUG] debug-file - Update task entry:default@CompileArkTS input file:C:\1234\tl-card\entry\build\default\generated\profile\default\BuildProfile.ets cache by regenerate.
[2026-05-29T19:23:47.552] [DEBUG] debug-file - Update task entry:default@CompileArkTS output file:C:\1234\tl-card\entry\build\default\intermediates\loader_out\default\ets cache.
[2026-05-29T19:23:47.552] [DEBUG] debug-file - Incremental task entry:default@CompileArkTS post-execution cost:6 ms .
[2026-05-29T19:23:47.553] [DEBUG] debug-file - Update task entry:default@BuildJS input file:C:\1234\tl-card\entry\build\default\intermediates\loader\default cache by regenerate.
[2026-05-29T19:23:47.554] [DEBUG] debug-file - Update task entry:default@BuildJS input file:C:\1234\tl-card\entry\build\default\intermediates\res\default\ResourceTable.txt cache by regenerate.
[2026-05-29T19:23:47.554] [DEBUG] debug-file - Update task entry:default@BuildJS input file:C:\1234\tl-card\entry\build\default\intermediates\res\default\ark_module.json cache by regenerate.
[2026-05-29T19:23:47.554] [DEBUG] debug-file - Update task entry:default@BuildJS input file:C:\1234\tl-card\entry\build\default\intermediates\res\default\resources\base\profile cache by regenerate.
[2026-05-29T19:23:47.554] [DEBUG] debug-file - Update task entry:default@BuildJS output file:C:\1234\tl-card\entry\build\default\intermediates\loader_out\default\js cache.
[2026-05-29T19:23:47.555] [DEBUG] debug-file - Incremental task entry:default@BuildJS post-execution cost:3 ms .
[2026-05-29T19:23:47.555] [DEBUG] debug-file - Update task entry:default@CacheNativeLibs input file:C:\1234\tl-card\entry\build\default\intermediates\stripped_native_libs\default cache by regenerate.
[2026-05-29T19:23:47.555] [DEBUG] debug-file - Update task entry:default@CacheNativeLibs input file:C:\1234\tl-card\entry\build\default\intermediates\libs\default cache by regenerate.
[2026-05-29T19:23:47.555] [DEBUG] debug-file - Update task entry:default@CacheNativeLibs output file:C:\1234\tl-card\entry\build\default\intermediates\patch\default\base_native_libs.json cache.
[2026-05-29T19:23:47.555] [DEBUG] debug-file - Incremental task entry:default@CacheNativeLibs post-execution cost:1 ms .
[2026-05-29T19:23:47.581] [DEBUG] debug-file - Cleanup worker 0.
[2026-05-29T19:23:47.581] [DEBUG] debug-file - Worker 0 has been cleaned up.
[2026-05-29T19:23:47.581] [DEBUG] debug-file - Current idle worker size: 4.
[2026-05-29T19:23:47.581] [DEBUG] debug-file - Current resident worker size: 5.
[2026-05-29T19:23:47.581] [DEBUG] debug-file - Cleanup worker 1.
[2026-05-29T19:23:47.581] [DEBUG] debug-file - Worker 1 has been cleaned up.
[2026-05-29T19:23:47.581] [DEBUG] debug-file - Current idle worker size: 3.
[2026-05-29T19:23:47.581] [DEBUG] debug-file - Current resident worker size: 5.
[2026-05-29T19:23:47.581] [DEBUG] debug-file - Cleanup worker 30.
[2026-05-29T19:23:47.581] [DEBUG] debug-file - Worker 30 has been cleaned up.
[2026-05-29T19:23:47.581] [DEBUG] debug-file - Current idle worker size: 2.
[2026-05-29T19:23:47.581] [DEBUG] debug-file - Current resident worker size: 5.
[2026-05-29T19:23:47.581] [DEBUG] debug-file - Cleanup worker 29.
[2026-05-29T19:23:47.581] [DEBUG] debug-file - Worker 29 has been cleaned up.
[2026-05-29T19:23:47.581] [DEBUG] debug-file - Current idle worker size: 1.
[2026-05-29T19:23:47.581] [DEBUG] debug-file - Current resident worker size: 5.
[2026-05-29T19:23:47.582] [DEBUG] debug-file - hvigor build process will be closed.
[2026-05-29T19:23:47.586] [DEBUG] debug-file - worker[1] exits with exit code 1.
[2026-05-29T19:23:47.586] [DEBUG] debug-file - worker[0] exits with exit code 1.
[2026-05-29T19:23:47.594] [DEBUG] debug-file - session manager: send message to worker process.
[2026-05-29T19:23:47.595] [DEBUG] debug-file - session manager: send message to worker process.
[2026-05-29T19:23:47.593] [DEBUG] debug-file - worker[30] exits with exit code 1.
[2026-05-29T19:23:47.593] [DEBUG] debug-file - worker[29] exits with exit code 1.
[2026-05-29T19:23:47.593] [DEBUG] debug-file - watch worker: worker id should be larger than 0. Nothing will be sent to any worker thread.
[2026-05-29T19:23:47.594] [DEBUG] debug-file - watch worker: worker id should be larger than 0. Nothing will be sent to any worker thread.
[2026-05-29T19:32:14.721] [DEBUG] debug-file - session manager: set active socket. socketId=mTPSsVSOolbSb80jAAAD
[2026-05-29T19:32:14.734] [DEBUG] debug-file - watch worker: worker id should be larger than 0. Nothing will be sent to any worker thread.
[2026-05-29T19:32:14.739] [DEBUG] debug-file - Workers' log level updated to INFO
[2026-05-29T19:32:14.743] [DEBUG] debug-file - Hvigor init with startParameters:{
  hvigorfileTypeCheck: false,
  parallelExecution: true,
  incrementalExecution: true,
  printStackTrace: false,
  daemon: true,
  analyze: 0,
  logLevel: Level { level: 20000, levelStr: 'INFO', colour: 'green' },
  optimizationStrategy: 'memory',
  hotCompile: undefined,
  hotReloadBuild: undefined,
  customizedParam: undefined
}
[2026-05-29T19:32:14.747] [DEBUG] debug-file - Cache service initialization finished in 4 ms 
[2026-05-29T19:32:14.749] [DEBUG] debug-file - hvigorfile, resolving C:\1234\tl-card\hvigorfile.ts
[2026-05-29T19:32:14.754] [DEBUG] debug-file - hvigorfile, require result:  { default: { plugins: [] } }
[2026-05-29T19:32:14.755] [DEBUG] debug-file - hvigorfile, binding system plugins null
[2026-05-29T19:32:14.755] [DEBUG] debug-file - Starting plugin build process
[2026-05-29T19:32:14.755] [DEBUG] debug-file - App plugin prepare start...
[2026-05-29T19:32:14.755] [DEBUG] debug-file - App plugin prepare end...
[2026-05-29T19:32:14.755] [DEBUG] debug-file - App plugin creating...
[2026-05-29T19:32:14.762] [DEBUG] debug-file - App plugin register hook start...
[2026-05-29T19:32:14.762] [DEBUG] debug-file - App plugin register hook end...
[2026-05-29T19:32:14.762] [DEBUG] debug-file - Plugin build process completed
[2026-05-29T19:32:14.762] [DEBUG] debug-file - Start initialize project's product build option map with build mode debug.
[2026-05-29T19:32:14.762] [DEBUG] debug-file - Picking option from product 'default' with build mode 'debug'.
[2026-05-29T19:32:14.762] [DEBUG] debug-file - Product 'default' build option initialized
[2026-05-29T19:32:14.763] [DEBUG] debug-file - End initialize project's product build option map with build mode 'debug'.
[2026-05-29T19:32:14.763] [DEBUG] debug-file - Obtain build option for product 'default'in this build.
[2026-05-29T19:32:14.764] [DEBUG] debug-file - No signingConfig found, initRemoteHspCache failed.
[2026-05-29T19:32:14.770] [DEBUG] debug-file - Start recording SDK configuration permission data.
[2026-05-29T19:32:14.792] [DEBUG] debug-file - Sdk init in 27 ms 
[2026-05-29T19:32:14.795] [DEBUG] debug-file - Project task initialization takes 3 ms 
[2026-05-29T19:32:14.795] [DEBUG] debug-file - hvigorfile, binding custom plugins []
[2026-05-29T19:32:14.795] [DEBUG] debug-file - hvigorfile, no custom plugins were found in C:\1234\tl-card\hvigorfile.ts
[2026-05-29T19:32:14.795] [DEBUG] debug-file - hvigorfile, resolve finished C:\1234\tl-card\hvigorfile.ts
[2026-05-29T19:32:14.796] [DEBUG] debug-file - hvigorfile, resolving C:\1234\tl-card\entry\hvigorfile.ts
[2026-05-29T19:32:14.798] [DEBUG] debug-file - hvigorfile, require result:  { default: { plugins: [] } }
[2026-05-29T19:32:14.798] [DEBUG] debug-file - hvigorfile, binding system plugins null
[2026-05-29T19:32:14.798] [DEBUG] debug-file - Starting plugin build process
[2026-05-29T19:32:14.798] [DEBUG] debug-file - Hap plugin creating...
[2026-05-29T19:32:14.800] [DEBUG] debug-file - failed to load cangjie to dynamically generate schemas: Error: Cannot find module '@ohos/cangjie-build-support/index'
Require stack:
- C:\Program Files\Huawei\DevEco Studio\tools\hvigor\hvigor-ohos-plugin\src\plugin\hooks\cangjie-register.js
- C:\Program Files\Huawei\DevEco Studio\tools\hvigor\hvigor-ohos-plugin\src\plugin\strategy\stage-init-strategy.js
- C:\Program Files\Huawei\DevEco Studio\tools\hvigor\hvigor-ohos-plugin\src\plugin\builder\abstract-plugin-builder.js
- C:\Program Files\Huawei\DevEco Studio\tools\hvigor\hvigor-ohos-plugin\src\plugin\builder\app-plugin-builder.js
- C:\Program Files\Huawei\DevEco Studio\tools\hvigor\hvigor-ohos-plugin\src\plugin\factory\plugin-factory.js
- C:\Program Files\Huawei\DevEco Studio\tools\hvigor\hvigor-ohos-plugin\index.js
- C:\1234\tl-card\hvigorfile.ts
- C:\Program Files\Huawei\DevEco Studio\tools\hvigor\hvigor\src\base\internal\lifecycle\configuration.js
- C:\Program Files\Huawei\DevEco Studio\tools\hvigor\hvigor\src\base\boot\index.js
- C:\Program Files\Huawei\DevEco Studio\tools\hvigor\hvigor\src\base\daemon\cluster\worker-process-lifecycle.js
- C:\Program Files\Huawei\DevEco Studio\tools\hvigor\hvigor\src\base\daemon\process\daemon-process-boot-script.js
[2026-05-29T19:32:14.804] [DEBUG] debug-file - Start initialize module-target build option map, moduleName=entry, buildMode=debug
[2026-05-29T19:32:14.804] [DEBUG] debug-file - Target 'default' config initialized
[2026-05-29T19:32:14.804] [DEBUG] debug-file - Module 'entry' target 'default' build option initialized
[2026-05-29T19:32:14.804] [DEBUG] debug-file - End initialize module-target build option map, moduleName=entry
[2026-05-29T19:32:14.804] [DEBUG] debug-file - Start initialize module-target build option map, moduleName=entry, buildMode=release
[2026-05-29T19:32:14.804] [DEBUG] debug-file - Target 'default' config initialized
[2026-05-29T19:32:14.805] [DEBUG] debug-file - Module 'entry' target 'default' build option initialized
[2026-05-29T19:32:14.805] [DEBUG] debug-file - End initialize module-target build option map, moduleName=entry
[2026-05-29T19:32:14.805] [DEBUG] debug-file - Start initialize module-target build option map, moduleName=entry, buildMode=debug
[2026-05-29T19:32:14.805] [DEBUG] debug-file - Target 'default' config initialized
[2026-05-29T19:32:14.805] [DEBUG] debug-file - Module 'entry' target 'default' build option initialized
[2026-05-29T19:32:14.805] [DEBUG] debug-file - End initialize module-target build option map, moduleName=entry
[2026-05-29T19:32:14.805] [DEBUG] debug-file - Obtain build option for module 'entry' target 'default'in this build.
[2026-05-29T19:32:14.807] [DEBUG] debug-file - Module entry task initialization takes 1 ms 
[2026-05-29T19:32:14.807] [DEBUG] debug-file - Hap plugin register hook start...
[2026-05-29T19:32:14.807] [DEBUG] debug-file - Hap plugin register hook end...
[2026-05-29T19:32:14.807] [DEBUG] debug-file - Plugin build process completed
[2026-05-29T19:32:14.807] [DEBUG] debug-file - hvigorfile, binding custom plugins []
[2026-05-29T19:32:14.807] [DEBUG] debug-file - hvigorfile, no custom plugins were found in C:\1234\tl-card\entry\hvigorfile.ts
[2026-05-29T19:32:14.807] [DEBUG] debug-file - hvigorfile, resolve finished C:\1234\tl-card\entry\hvigorfile.ts
[2026-05-29T19:32:14.852] [DEBUG] debug-file - hvigorfile, resolve hvigorfile dependencies in 44 ms 
[2026-05-29T19:32:14.852] [DEBUG] debug-file - project has submodules:entry
[2026-05-29T19:32:14.853] [DEBUG] debug-file - start to load updatedOhPackageInfo to the disk
[2026-05-29T19:32:14.864] [DEBUG] debug-file - load to the disk finished
[2026-05-29T19:32:14.865] [DEBUG] debug-file - Start to initialize dependency information.
[2026-05-29T19:32:14.866] [DEBUG] debug-file - Module tl-card Collected Dependency: 
[2026-05-29T19:32:14.866] [DEBUG] debug-file - Module tl-card's total dependency: 0
[2026-05-29T19:32:14.866] [DEBUG] debug-file - Start to initialize dependency information.
[2026-05-29T19:32:14.869] [DEBUG] debug-file - Module entry Collected Dependency: 
[2026-05-29T19:32:14.869] [DEBUG] debug-file - Module entry's total dependency: 0
[2026-05-29T19:32:14.870] [DEBUG] debug-file - Configuration phase cost:123 ms 
[2026-05-29T19:32:14.871] [DEBUG] debug-file - Configuration task cost before running: 132 ms 
[2026-05-29T19:32:14.871] [DEBUG] debug-file - Executing task :entry:clean
[2026-05-29T19:32:14.871] [DEBUG] debug-file - clean: Start terminating worker pool.
[2026-05-29T19:32:14.871] [DEBUG] debug-file - Current worker pool is stopped or closed.
[2026-05-29T19:32:14.872] [DEBUG] debug-file - Clear worker 4.
[2026-05-29T19:32:14.872] [DEBUG] debug-file - Worker 4 has been cleared.
[2026-05-29T19:32:14.872] [DEBUG] debug-file - Current idle worker size: 0.
[2026-05-29T19:32:14.872] [DEBUG] debug-file - Current busy worker size: 0.
[2026-05-29T19:32:14.891] [DEBUG] debug-file - Current worker pool is terminated.
[2026-05-29T19:32:14.891] [DEBUG] debug-file - clean: Terminating worker pool finished.
[2026-05-29T19:32:14.981] [DEBUG] debug-file - entry : clean cost memory -12.374168395996094
[2026-05-29T19:32:14.982] [DEBUG] debug-file - runTaskFromQueue task cost before running: 242 ms 
[2026-05-29T19:32:14.982] [INFO] debug-file - Finished :entry:clean... after 111 ms 
[2026-05-29T19:32:14.988] [DEBUG] debug-file - Executing task :entry:default@PreBuild
[2026-05-29T19:32:14.989] [DEBUG] debug-file - Task 'entry:default@PreBuild' cost while wrapping incremental declarations: 1 ms 
[2026-05-29T19:32:14.998] [DEBUG] debug-file - Incremental task entry:default@PreBuild pre-execution cost: 6 ms .
[2026-05-29T19:32:14.998] [DEBUG] debug-file - entry : default@PreBuild cost memory 0.282135009765625
[2026-05-29T19:32:15.000] [INFO] debug-file - UP-TO-DATE :entry:default@PreBuild...  
[2026-05-29T19:32:15.001] [DEBUG] debug-file - Executing task :entry:default@CreateModuleInfo
[2026-05-29T19:32:15.002] [DEBUG] debug-file - Task 'entry:default@CreateModuleInfo' cost while wrapping incremental declarations: 1 ms 
[2026-05-29T19:32:15.002] [DEBUG] debug-file - entry : default@CreateModuleInfo cost memory 0.04172515869140625
[2026-05-29T19:32:15.002] [DEBUG] debug-file - runTaskFromQueue task cost before running: 263 ms 
[2026-05-29T19:32:15.002] [INFO] debug-file - Finished :entry:default@CreateModuleInfo... after 2 ms 
[2026-05-29T19:32:15.003] [DEBUG] debug-file - Executing task :entry:default@GenerateMetadata
[2026-05-29T19:32:15.004] [DEBUG] debug-file - Task 'entry:default@GenerateMetadata' cost while wrapping incremental declarations: 1 ms 
[2026-05-29T19:32:15.005] [DEBUG] debug-file - entry:default@GenerateMetadata is not up-to-date, since the output file 'C:\1234\tl-card\entry\build\default\intermediates\hap_metadata\default\output_metadata.json' does not exist.
[2026-05-29T19:32:15.005] [DEBUG] debug-file - Incremental task entry:default@GenerateMetadata pre-execution cost: 1 ms .
[2026-05-29T19:32:15.008] [DEBUG] debug-file - entry : default@GenerateMetadata cost memory 0.18537139892578125
[2026-05-29T19:32:15.008] [DEBUG] debug-file - runTaskFromQueue task cost before running: 269 ms 
[2026-05-29T19:32:15.009] [INFO] debug-file - Finished :entry:default@GenerateMetadata... after 6 ms 
[2026-05-29T19:32:15.010] [DEBUG] debug-file - Executing task :entry:default@ConfigureCmake
[2026-05-29T19:32:15.010] [DEBUG] debug-file - entry : default@ConfigureCmake cost memory 0.0145263671875
[2026-05-29T19:32:15.010] [DEBUG] debug-file - runTaskFromQueue task cost before running: 271 ms 
[2026-05-29T19:32:15.010] [INFO] debug-file - Finished :entry:default@ConfigureCmake... after 1 ms 
[2026-05-29T19:32:15.012] [DEBUG] debug-file - Executing task :entry:default@MergeProfile
[2026-05-29T19:32:15.012] [DEBUG] debug-file - Task 'entry:default@MergeProfile' cost while wrapping incremental declarations: 1 ms 
[2026-05-29T19:32:15.014] [DEBUG] debug-file - entry:default@MergeProfile is not up-to-date, since the output file 'C:\1234\tl-card\entry\build\default\intermediates\merge_profile\default\module.json' does not exist.
[2026-05-29T19:32:15.014] [DEBUG] debug-file - Incremental task entry:default@MergeProfile pre-execution cost: 2 ms .
[2026-05-29T19:32:15.014] [DEBUG] debug-file - Change app api release type with 'Release'
[2026-05-29T19:32:15.014] [DEBUG] debug-file - Change app compile API version with '6.0.2.130'
[2026-05-29T19:32:15.014] [DEBUG] debug-file - Change app target API version with '50100018'
[2026-05-29T19:32:15.014] [DEBUG] debug-file - Change app minimum API version with '50100018'
[2026-05-29T19:32:15.014] [DEBUG] debug-file - Use cli appEnvironment
[2026-05-29T19:32:15.016] [DEBUG] debug-file - entry : default@MergeProfile cost memory 0.18544769287109375
[2026-05-29T19:32:15.017] [DEBUG] debug-file - runTaskFromQueue task cost before running: 277 ms 
[2026-05-29T19:32:15.017] [INFO] debug-file - Finished :entry:default@MergeProfile... after 6 ms 
[2026-05-29T19:32:15.018] [DEBUG] debug-file - Executing task :entry:default@CreateBuildProfile
[2026-05-29T19:32:15.018] [DEBUG] debug-file - Task 'entry:default@CreateBuildProfile' cost while wrapping incremental declarations: 1 ms 
[2026-05-29T19:32:15.019] [DEBUG] debug-file - entry:default@CreateBuildProfile is not up-to-date, since the output file 'C:\1234\tl-card\entry\build\default\generated\profile\default\BuildProfile.ets' does not exist.
[2026-05-29T19:32:15.019] [DEBUG] debug-file - Incremental task entry:default@CreateBuildProfile pre-execution cost: 1 ms .
[2026-05-29T19:32:15.022] [DEBUG] debug-file - entry : default@CreateBuildProfile cost memory 0.10114288330078125
[2026-05-29T19:32:15.022] [DEBUG] debug-file - runTaskFromQueue task cost before running: 283 ms 
[2026-05-29T19:32:15.022] [INFO] debug-file - Finished :entry:default@CreateBuildProfile... after 5 ms 
[2026-05-29T19:32:15.023] [DEBUG] debug-file - Executing task :entry:default@PreCheckSyscap
[2026-05-29T19:32:15.023] [DEBUG] debug-file - entry : default@PreCheckSyscap cost memory 0.0173492431640625
[2026-05-29T19:32:15.023] [DEBUG] debug-file - runTaskFromQueue task cost before running: 284 ms 
[2026-05-29T19:32:15.023] [INFO] debug-file - Finished :entry:default@PreCheckSyscap... after 1 ms 
[2026-05-29T19:32:15.025] [DEBUG] debug-file - Executing task :entry:default@GeneratePkgContextInfo
[2026-05-29T19:32:15.032] [DEBUG] debug-file - Task 'entry:default@GeneratePkgContextInfo' cost while wrapping incremental declarations: 1 ms 
[2026-05-29T19:32:15.032] [DEBUG] debug-file - entry : default@GeneratePkgContextInfo cost memory 0.29120635986328125
[2026-05-29T19:32:15.032] [DEBUG] debug-file - runTaskFromQueue task cost before running: 293 ms 
[2026-05-29T19:32:15.032] [INFO] debug-file - Finished :entry:default@GeneratePkgContextInfo... after 7 ms 
[2026-05-29T19:32:15.035] [DEBUG] debug-file - Executing task :entry:default@ProcessIntegratedHsp
[2026-05-29T19:32:15.035] [DEBUG] debug-file - entry:default@ProcessIntegratedHsp is not up-to-date, since the output file 'C:\1234\tl-card\build\cache\default\integrated_hsp\integratedHspCache.json' does not exist.
[2026-05-29T19:32:15.035] [DEBUG] debug-file - Incremental task entry:default@ProcessIntegratedHsp pre-execution cost: 1 ms .
[2026-05-29T19:32:15.035] [DEBUG] debug-file - entry : default@ProcessIntegratedHsp cost memory 0.0589141845703125
[2026-05-29T19:32:15.035] [DEBUG] debug-file - runTaskFromQueue task cost before running: 296 ms 
[2026-05-29T19:32:15.036] [INFO] debug-file - Finished :entry:default@ProcessIntegratedHsp... after 1 ms 
[2026-05-29T19:32:15.036] [DEBUG] debug-file - Executing task :entry:default@BuildNativeWithCmake
[2026-05-29T19:32:15.037] [DEBUG] debug-file - entry : default@BuildNativeWithCmake cost memory 0.014556884765625
[2026-05-29T19:32:15.037] [DEBUG] debug-file - runTaskFromQueue task cost before running: 297 ms 
[2026-05-29T19:32:15.037] [INFO] debug-file - Finished :entry:default@BuildNativeWithCmake... after 1 ms 
[2026-05-29T19:32:15.037] [DEBUG] debug-file - Executing task :entry:default@MakePackInfo
[2026-05-29T19:32:15.039] [DEBUG] debug-file - entry:default@MakePackInfo is not up-to-date, since the output file 'C:\1234\tl-card\entry\build\default\outputs\default\pack.info' does not exist.
[2026-05-29T19:32:15.039] [DEBUG] debug-file - Incremental task entry:default@MakePackInfo pre-execution cost: 1 ms .
[2026-05-29T19:32:15.039] [DEBUG] debug-file - Module Pack Info:  {
  summary: {
    app: { bundleName: 'c***p', bundleType: 'app', version: [Object] },
    modules: [ [Object] ]
  },
  packages: [
    {
      deviceType: [Array],
      moduleType: 'entry',
      deliveryWithInstall: true,
      name: 'entry-default'
    }
  ]
}
[2026-05-29T19:32:15.042] [DEBUG] debug-file - entry : default@MakePackInfo cost memory 0.1597137451171875
[2026-05-29T19:32:15.042] [DEBUG] debug-file - runTaskFromQueue task cost before running: 302 ms 
[2026-05-29T19:32:15.042] [INFO] debug-file - Finished :entry:default@MakePackInfo... after 5 ms 
[2026-05-29T19:32:15.043] [DEBUG] debug-file - Executing task :entry:default@SyscapTransform
[2026-05-29T19:32:15.043] [DEBUG] debug-file - File: 'C:\1234\tl-card\entry\src\main\syscap.json' from 'sysCapJsonPath' is not exists, just ignore.
[2026-05-29T19:32:15.044] [DEBUG] debug-file - Task 'entry:default@SyscapTransform' cost while wrapping incremental declarations: 1 ms 
[2026-05-29T19:32:15.045] [DEBUG] debug-file - entry:default@SyscapTransform is not up-to-date, since the output file 'C:\1234\tl-card\entry\build\default\intermediates\syscap\default\rpcid.sc' does not exist.
[2026-05-29T19:32:15.045] [DEBUG] debug-file - Incremental task entry:default@SyscapTransform pre-execution cost: 2 ms .
[2026-05-29T19:32:15.045] [DEBUG] debug-file - entry : default@SyscapTransform cost memory 0.1556854248046875
[2026-05-29T19:32:15.045] [DEBUG] debug-file - runTaskFromQueue task cost before running: 306 ms 
[2026-05-29T19:32:15.045] [INFO] debug-file - Finished :entry:default@SyscapTransform... after 3 ms 
[2026-05-29T19:32:15.047] [DEBUG] debug-file - Executing task :entry:default@ProcessProfile
[2026-05-29T19:32:15.047] [DEBUG] debug-file - Task 'entry:default@ProcessProfile' cost while wrapping incremental declarations: 1 ms 
[2026-05-29T19:32:15.048] [DEBUG] debug-file - entry:default@ProcessProfile is not up-to-date, since the input file 'C:\1234\tl-card\entry\build\default\intermediates\merge_profile\default\module.json' has been changed.
[2026-05-29T19:32:15.048] [DEBUG] debug-file - Incremental task entry:default@ProcessProfile pre-execution cost: 1 ms .
[2026-05-29T19:32:15.049] [DEBUG] debug-file - [
  'C:\\Program Files\\Huawei\\DevEco Studio\\tools\\node\\node.exe',
  'C:\\Program Files\\Huawei\\DevEco Studio\\sdk\\default\\openharmony\\ets\\build-tools\\ets-loader\\bin\\ark\\ts2abc.js',
  '--target-api-version',
  '18'
]
[2026-05-29T19:32:15.267] [DEBUG] debug-file - 13.0.1.0
[2026-05-29T19:32:15.271] [DEBUG] debug-file - No need to add fake ui ability because of not in preview process.
[2026-05-29T19:32:15.273] [DEBUG] debug-file - entry : default@ProcessProfile cost memory 0.3123321533203125
[2026-05-29T19:32:15.273] [DEBUG] debug-file - runTaskFromQueue task cost before running: 534 ms 
[2026-05-29T19:32:15.273] [INFO] debug-file - Finished :entry:default@ProcessProfile... after 227 ms 
[2026-05-29T19:32:15.275] [DEBUG] debug-file - Executing task :entry:default@ProcessRouterMap
[2026-05-29T19:32:15.277] [DEBUG] debug-file - entry:default@ProcessRouterMap is not up-to-date, since the output file 'C:\1234\tl-card\entry\build\default\intermediates\router_map\default\temp-router-map.json' does not exist.
[2026-05-29T19:32:15.277] [DEBUG] debug-file - Incremental task entry:default@ProcessRouterMap pre-execution cost: 2 ms .
[2026-05-29T19:32:15.282] [DEBUG] debug-file - entry : default@ProcessRouterMap cost memory 0.14276123046875
[2026-05-29T19:32:15.283] [DEBUG] debug-file - runTaskFromQueue task cost before running: 543 ms 
[2026-05-29T19:32:15.283] [INFO] debug-file - Finished :entry:default@ProcessRouterMap... after 9 ms 
[2026-05-29T19:32:15.284] [DEBUG] debug-file - Executing task :entry:default@ProcessShareConfig
[2026-05-29T19:32:15.286] [DEBUG] debug-file - entry:default@ProcessShareConfig is not up-to-date, since the output file 'C:\1234\tl-card\entry\build\default\intermediates\share_config\default\temp-share-config.json' does not exist.
[2026-05-29T19:32:15.286] [DEBUG] debug-file - Incremental task entry:default@ProcessShareConfig pre-execution cost: 2 ms .
[2026-05-29T19:32:15.289] [DEBUG] debug-file - entry : default@ProcessShareConfig cost memory 0.12598419189453125
[2026-05-29T19:32:15.289] [DEBUG] debug-file - runTaskFromQueue task cost before running: 549 ms 
[2026-05-29T19:32:15.289] [INFO] debug-file - Finished :entry:default@ProcessShareConfig... after 5 ms 
[2026-05-29T19:32:15.290] [DEBUG] debug-file - Executing task :entry:default@ProcessStartupConfig
[2026-05-29T19:32:15.290] [DEBUG] debug-file - Task 'entry:default@ProcessStartupConfig' cost while wrapping incremental declarations: 1 ms 
[2026-05-29T19:32:15.291] [DEBUG] debug-file - entry:default@ProcessStartupConfig is not up-to-date, since the output file 'C:\1234\tl-card\entry\build\default\intermediates\startup\default\startup_config.json' does not exist.
[2026-05-29T19:32:15.291] [DEBUG] debug-file - Incremental task entry:default@ProcessStartupConfig pre-execution cost: 1 ms .
[2026-05-29T19:32:15.291] [DEBUG] debug-file - entry : default@ProcessStartupConfig cost memory 0.09771728515625
[2026-05-29T19:32:15.291] [DEBUG] debug-file - runTaskFromQueue task cost before running: 552 ms 
[2026-05-29T19:32:15.291] [INFO] debug-file - Finished :entry:default@ProcessStartupConfig... after 2 ms 
[2026-05-29T19:32:15.292] [DEBUG] debug-file - Executing task :entry:default@BuildNativeWithNinja
[2026-05-29T19:32:15.293] [DEBUG] debug-file - entry : default@BuildNativeWithNinja cost memory 0.0257568359375
[2026-05-29T19:32:15.294] [DEBUG] debug-file - runTaskFromQueue task cost before running: 554 ms 
[2026-05-29T19:32:15.294] [INFO] debug-file - Finished :entry:default@BuildNativeWithNinja... after 2 ms 
[2026-05-29T19:32:15.295] [DEBUG] debug-file - restool module names: entry; moduleName=entry, taskName=default@ProcessResource
[2026-05-29T19:32:15.297] [DEBUG] debug-file - Executing task :entry:default@ProcessResource
[2026-05-29T19:32:15.298] [DEBUG] debug-file - Task 'entry:default@ProcessResource' cost while wrapping incremental declarations: 1 ms 
[2026-05-29T19:32:15.298] [DEBUG] debug-file - entry:default@ProcessResource is not up-to-date, since the output file 'C:\1234\tl-card\entry\build\default\intermediates\res\default\resConfig.json' does not exist.
[2026-05-29T19:32:15.298] [DEBUG] debug-file - Incremental task entry:default@ProcessResource pre-execution cost: 1 ms .
[2026-05-29T19:32:15.301] [DEBUG] debug-file - entry : default@ProcessResource cost memory 0.14704132080078125
[2026-05-29T19:32:15.301] [DEBUG] debug-file - runTaskFromQueue task cost before running: 562 ms 
[2026-05-29T19:32:15.302] [INFO] debug-file - Finished :entry:default@ProcessResource... after 5 ms 
[2026-05-29T19:32:15.304] [DEBUG] debug-file - Executing task :entry:default@GenerateLoaderJson
[2026-05-29T19:32:15.304] [DEBUG] debug-file - Task 'entry:default@GenerateLoaderJson' cost while wrapping incremental declarations: 1 ms 
[2026-05-29T19:32:15.310] [DEBUG] debug-file - entry:default@GenerateLoaderJson is not up-to-date, since the input file 'C:\1234\tl-card\entry\build\default\intermediates\router_map\default\temp-router-map.json' has been changed.
[2026-05-29T19:32:15.310] [DEBUG] debug-file - Incremental task entry:default@GenerateLoaderJson pre-execution cost: 4 ms .
[2026-05-29T19:32:15.312] [DEBUG] debug-file - entry : default@GenerateLoaderJson cost memory 0.35985565185546875
[2026-05-29T19:32:15.313] [DEBUG] debug-file - runTaskFromQueue task cost before running: 573 ms 
[2026-05-29T19:32:15.315] [INFO] debug-file - Finished :entry:default@GenerateLoaderJson... after 9 ms 
[2026-05-29T19:32:15.317] [DEBUG] debug-file - Executing task :entry:default@ProcessLibs
[2026-05-29T19:32:15.319] [DEBUG] debug-file - entry:default@ProcessLibs is not up-to-date, since the output file 'C:\1234\tl-card\entry\build\default\intermediates\libs\default' does not exist.
[2026-05-29T19:32:15.319] [DEBUG] debug-file - Incremental task entry:default@ProcessLibs pre-execution cost: 2 ms .
[2026-05-29T19:32:15.321] [DEBUG] debug-file - Worker dispatch failed, running processLibs on main thread.
[2026-05-29T19:32:15.322] [DEBUG] debug-file - entry : default@ProcessLibs cost memory 0.30908966064453125
[2026-05-29T19:32:15.322] [DEBUG] debug-file - runTaskFromQueue task cost before running: 583 ms 
[2026-05-29T19:32:15.322] [INFO] debug-file - Finished :entry:default@ProcessLibs... after 6 ms 
[2026-05-29T19:32:15.323] [DEBUG] debug-file - restool module names: entry; moduleName=entry, taskName=default@CompileResource
[2026-05-29T19:32:15.324] [DEBUG] debug-file - Executing task :entry:default@CompileResource
[2026-05-29T19:32:15.329] [DEBUG] debug-file - entry:default@CompileResource is not up-to-date, since the input file 'C:\1234\tl-card\entry\build\default\intermediates\process_profile\default\module.json' has been changed.
[2026-05-29T19:32:15.329] [DEBUG] debug-file - Incremental task entry:default@CompileResource pre-execution cost: 5 ms .
[2026-05-29T19:32:15.333] [DEBUG] debug-file - worker[4] exits with exit code 1.
[2026-05-29T19:32:15.343] [DEBUG] debug-file - Use tool [C:\Program Files\Huawei\DevEco Studio\sdk\default\openharmony\toolchains\restool.exe]
 [
  'C:\\Program Files\\Huawei\\DevEco Studio\\sdk\\default\\openharmony\\toolchains\\restool.exe',
  '-l',
  'C:\\1234\\tl-card\\entry\\build\\default\\intermediates\\res\\default\\resConfig.json'
]
[2026-05-29T19:32:15.344] [DEBUG] debug-file - current process  memoryUsage: {
  rss: 129179648,
  heapTotal: 165441536,
  heapUsed: 132595624,
  external: 3550344,
  arrayBuffers: 595821
} os memoryUsage :11.259841918945312
[2026-05-29T19:32:15.469] [DEBUG] debug-file - Info: Pack: normal pack mode

[2026-05-29T19:32:15.515] [DEBUG] debug-file - Info: hardware concurrency count is : 32
Info: thread count is : 32

[2026-05-29T19:32:15.515] [DEBUG] debug-file - Info: thread pool is started

[2026-05-29T19:32:15.517] [DEBUG] debug-file - Info: GenericCompiler::CompileFiles

[2026-05-29T19:32:15.524] [DEBUG] debug-file - Info: GenericCompiler::CompileFiles

[2026-05-29T19:32:15.527] [DEBUG] debug-file - Info: GenericCompiler::CompileFiles

[2026-05-29T19:32:15.536] [DEBUG] debug-file - 05-29 19:32:15.536 31664 31488 E C01400/ImageTranscoderUtils: DecodeToRGBA IN
05-29 19:32:15.536 31664 31488 E C01400/ImageTranscoderUtils: ImageFilter IN C:\1234\tl-card\AppScope\resources\base\media\app_icon.png

[2026-05-29T19:32:15.537] [DEBUG] debug-file - 05-29 19:32:15.537 31664 31488 E C01400/ImageTranscoder: TranscodeSLR Only zoom-out is supported.
Warning: ScaleImage failed, error message: INVALID_PARAMETERS, file path = C:\1234\tl-card\AppScope\resources\base\media\app_icon.png

[2026-05-29T19:32:15.540] [DEBUG] debug-file - 05-29 19:32:15.540 31664 31488 E C01400/ImageTranscoderUtils: DecodeToRGBA IN
05-29 19:32:15.540 31664 31488 E C01400/ImageTranscoderUtils: ImageFilter IN C:\1234\tl-card\entry\src\main\resources\base\media\icon.png

[2026-05-29T19:32:15.541] [DEBUG] debug-file - 05-29 19:32:15.540 31664 31488 E C01400/ImageTranscoder: TranscodeSLR Only zoom-out is supported.
Warning: ScaleImage failed, error message: INVALID_PARAMETERS, file path = C:\1234\tl-card\entry\src\main\resources\base\media\icon.png

[2026-05-29T19:32:15.546] [DEBUG] debug-file - Info: restool resources compile success.

[2026-05-29T19:32:15.547] [DEBUG] debug-file - Info: thread pool is stopped

[2026-05-29T19:32:15.608] [DEBUG] debug-file - entry : default@CompileResource cost memory 6.8650360107421875
[2026-05-29T19:32:15.608] [DEBUG] debug-file - runTaskFromQueue task cost before running: 868 ms 
[2026-05-29T19:32:15.609] [INFO] debug-file - Finished :entry:default@CompileResource... after 284 ms 
[2026-05-29T19:32:15.610] [DEBUG] debug-file - Executing task :entry:default@DoNativeStrip
[2026-05-29T19:32:15.611] [DEBUG] debug-file - Task 'entry:default@DoNativeStrip' cost while wrapping incremental declarations: 1 ms 
[2026-05-29T19:32:15.611] [DEBUG] debug-file - entry:default@DoNativeStrip is not up-to-date, since the output file 'C:\1234\tl-card\entry\build\default\intermediates\stripped_native_libs\default' does not exist.
[2026-05-29T19:32:15.612] [DEBUG] debug-file - Incremental task entry:default@DoNativeStrip pre-execution cost: 1 ms .
[2026-05-29T19:32:15.614] [DEBUG] debug-file - entry : default@DoNativeStrip cost memory 0.10173797607421875
[2026-05-29T19:32:15.614] [DEBUG] debug-file - runTaskFromQueue task cost before running: 874 ms 
[2026-05-29T19:32:15.614] [INFO] debug-file - Finished :entry:default@DoNativeStrip... after 4 ms 
[2026-05-29T19:32:15.615] [DEBUG] debug-file - Executing task :entry:default@CompileArkTS
[2026-05-29T19:32:15.615] [DEBUG] debug-file - obfuscationOptions: undefined
[2026-05-29T19:32:15.616] [DEBUG] debug-file - Task 'entry:default@CompileArkTS' cost while wrapping incremental declarations: 1 ms 
[2026-05-29T19:32:15.629] [DEBUG] debug-file - build config:
[2026-05-29T19:32:15.630] [DEBUG] debug-file - {
  moduleType: 'entry',
  perf: 0,
  targetName: '.default',
  packageManagerType: 'ohpm',
  localPropertiesPath: 'C:\\1234\\tl-card\\local.properties',
  isPreview: false,
  isOhosTest: false,
  isLocalTest: false,
  buildMode: 'Debug',
  hotReloadBuild: undefined,
  watchMode: 'false',
  aceProfilePath: 'C:\\1234\\tl-card\\entry\\build\\default\\intermediates\\res\\default\\resources\\base\\profile',
  etsLoaderPath: 'C:\\Program Files\\Huawei\\DevEco Studio\\sdk\\default\\openharmony\\ets\\build-tools\\ets-loader',
  modulePath: 'C:\\1234\\tl-card\\entry',
  testFrameworkPar: {
    testMode: undefined,
    coveragePathFilter: undefined,
    coverageMode: undefined
  },
  needCoverageInsert: false,
  debugLine: false,
  projectTopDir: 'C:\\1234\\tl-card',
  compileSdkVersion: 22,
  compatibleSdkVersion: 18,
  originCompatibleSdkVersion: '5.1.0(18)',
  compatibleSdkVersionStage: undefined,
  bundleName: 'c***p',
  etsLoaderVersion: '6.0.2.130',
  etsLoaderReleaseType: 'Release',
  aotCompileMode: 'type',
  apPath: 'C:\\1234\\tl-card\\entry\\modules.ap',
  entryModuleName: 'entry',
  entryModuleVersion: '1.0.0',
  entryPackageName: 'entry',
  allModuleNameHash: '4bf12a653dcef64469a7584816380f08c3daa4e1ed78e59fe0b729a6b5c62f8e',
  externalApiPaths: [
    'C:\\Program Files\\Huawei\\DevEco Studio\\sdk\\default\\hms\\ets'
  ],
  compilerTypes: [],
  isCrossplatform: false,
  hvigorPluginFile: undefined,
  compilePluginPath: undefined,
  buildGeneratedProfilePath: 'C:\\1234\\tl-card\\entry\\build\\default\\generated\\profile\\default',
  bundleType: 'app',
  arkTSVersion: undefined,
  apiVersion: 22,
  needCompleteSourcesMap: false,
  isFaMode: false,
  buildDir: 'C:\\1234\\tl-card\\entry\\build',
  deviceTypes: [ 'phone', 'tablet' ],
  pkgContextInfo: undefined,
  ohPackagePathMap: {},
  dependencyAliasMap: {},
  permission: { requestPermissions: undefined, definePermissions: undefined },
  useGetCurrentBundleName: false,
  projectArkOption: undefined,
  sourceMapDir: undefined,
  branchElimination: false,
  transformLib: undefined,
  tsImportSendable: false,
  resolveConflictMode: true,
  depName2RootPath: {},
  depName2DepInfo: {},
  rootPathSet: [ 'C:\\1234\\tl-card' ],
  useNativeResolver: true,
  shouldEmitJs: true,
  useTscResolve: false,
  singleFileEmit: false,
  userProjectConfig: {
    autoLazyImport: false,
    allowEmptyBundleName: false,
    reExportCheckMode: 'noCheck',
    executionMode: 'memory',
    usePathPlaceholder: false,
    writeRollupCache: true,
    isExpandImportEnabled: false,
    expandImportExclude: '',
    lazyImportExclude: '',
    lazyImportInclude: '',
    ignoreCrossplatformCheck: false,
    isHarDeduplicateEnabled: false,
    skipOhModulesLint: false,
    enableStrictCheckOHModule: false,
    disableSendableCheckRules: [],
    useDeclarationFileSignature: false,
    customizedOptions: undefined,
    integratedHsp: false,
    isPreloadSoEnabled: false
  },
  executionMode: 'memory',
  arkCompileCachePath: 'C:\\1234\\tl-card\\entry\\build\\default\\cache\\default\\default@CompileArkTS\\esmodule',
  autoLazyFilter: undefined,
  isHarDeduplicateEnabled: false,
  intermediateHarDuplicateDirPath: 'C:\\1234\\tl-card\\entry\\build\\default\\intermediates\\har_duplicate\\default',
  autoLazyImport: false,
  allowEmptyBundleName: false,
  reExportCheckMode: 'noCheck',
  usePathPlaceholder: false,
  writeRollupCache: true,
  isExpandImportEnabled: false,
  expandImportExclude: '',
  lazyImportExclude: '',
  lazyImportInclude: '',
  ignoreCrossplatformCheck: false,
  skipOhModulesLint: false,
  enableStrictCheckOHModule: false,
  disableSendableCheckRules: [],
  useDeclarationFileSignature: false,
  customizedOptions: undefined,
  integratedHsp: false,
  isPreloadSoEnabled: false,
  strictMode: undefined,
  useNormalizedOHMUrl: false,
  caseSensitiveCheck: false,
  aceModuleJsonPath: 'C:\\1234\\tl-card\\entry\\build\\default\\intermediates\\res\\default\\ark_module.json',
  appResource: 'C:\\1234\\tl-card\\entry\\build\\default\\intermediates\\res\\default\\ResourceTable.txt',
  rawFileResource: 'C:\\1234\\tl-card\\entry\\build\\default\\intermediates\\res\\default\\resources\\rawfile',
  resourceTableHash: '42116fa57be9f8ac9defd210768d75e197c8b8faeb2d6536c1e619711672b5b7',
  runtimeOS: 'HarmonyOS',
  sdkInfo: 'false:22:6.0.2.130:Release',
  aceModuleRoot: 'C:\\1234\\tl-card\\entry\\src\\main\\ets',
  compileMode: 'esmodule',
  aceSuperVisualPath: 'C:\\1234\\tl-card\\entry\\src\\main\\supervisual',
  aceBuildJson: 'C:\\1234\\tl-card\\entry\\build\\default\\intermediates\\loader\\default\\loader.json',
  cachePath: 'C:\\1234\\tl-card\\entry\\build\\default\\cache\\default\\default@CompileArkTS\\esmodule\\debug',
  aceModuleBuild: 'C:\\1234\\tl-card\\entry\\build\\default\\intermediates\\loader_out\\default\\ets',
  supportChunks: true,
  declaredFilesPath: undefined,
  shouldCollectDirectImportees: false,
  isByteCodeHarOptimize: false,
  expandImportPath: undefined,
  pkgNameToPkgBriefInfo: {
    entry: {
      pkgRoot: 'C:\\1234\\tl-card\\entry',
      originalSourceRoots: undefined,
      sourceRoots: [Array],
      pkgName: 'entry'
    }
  },
  projectModel: {
    'C:\\1234\\tl-card\\entry\\src\\main': {
      moduleName: 'entry',
      modulePkgPath: 'C:\\1234\\tl-card\\entry',
      belongProjectPath: 'C:\\1234\\tl-card'
    },
    'C:\\1234\\tl-card\\entry': {
      moduleName: 'entry',
      modulePkgPath: 'C:\\1234\\tl-card\\entry',
      belongProjectPath: 'C:\\1234\\tl-card'
    },
    'C:\\1234\\tl-card': {
      moduleName: 'tl-card',
      modulePkgPath: 'C:\\1234\\tl-card',
      belongProjectPath: 'C:\\1234\\tl-card'
    }
  },
  pkgJsonFileHash: '1f699c8cdaf5d625f0532deee1df5fc1579578917403f0bf35ddbdec23da4c22',
  allModulePaths: [ 'C:\\1234\\tl-card\\entry' ],
  routerMap: {},
  obfuscationOptions: undefined,
  byteCodeHarToDependencyKeys: undefined,
  compileBlockPkg: [],
  mockParams: {
    decorator: '@MockSetup',
    packageName: '@ohos/hamock',
    etsSourceRootPath: 'src/main/ets',
    mockConfigPath: undefined,
    mockConfigKey2ModuleInfo: {},
    source2ModuleIdMap: {}
  },
  copyCodeResourceEnable: true,
  copyCodeResourceExcludes: [],
  copyCodeResourceIncludes: undefined,
  uiTransformOptimization: false,
  sdkPath: 'C:/Program Files/Huawei/DevEco Studio/sdk',
  needPreloadSoFileSet: {},
  preloadSoFilePath: 'C:\\1234\\tl-card\\entry\\build\\default\\intermediates\\preload\\default\\preload.json',
  useSourceHash: false,
  localModuleParamMap: {},
  otherPaths: {
    'entry/*': [
      '..\\*',
      '..\\..\\..\\build\\default\\generated\\profile\\default\\*'
    ]
  },
  collectImportersConfig: undefined
}
[2026-05-29T19:32:15.630] [DEBUG] debug-file - Compile arkts with external api path: C:\Program Files\Huawei\DevEco Studio\sdk\default\hms\ets
[2026-05-29T19:32:15.631] [DEBUG] debug-file - Since there is no instance or instance is terminated, create a new worker pool.
[2026-05-29T19:32:15.631] [DEBUG] debug-file - Worker pool is initialized with config:  {
  minPoolNum: 2,
  maxPoolNum: undefined,
  maxCoreSize: undefined,
  cacheCapacity: undefined,
  cacheTtl: undefined
}
[2026-05-29T19:32:15.632] [DEBUG] debug-file - Create  resident worker with id: 0.
[2026-05-29T19:32:15.633] [DEBUG] debug-file - Create  resident worker with id: 1.
[2026-05-29T19:32:15.633] [DEBUG] debug-file - default@CompileArkTS work[3] is submitted.
[2026-05-29T19:32:15.633] [DEBUG] debug-file - default@CompileArkTS work[3] is pushed to ready queue.
[2026-05-29T19:32:15.634] [DEBUG] debug-file - A work dispatched to worker[31] failed because unable to get work from ready queue.
[2026-05-29T19:32:15.634] [DEBUG] debug-file - A work dispatched to worker[30] failed because unable to get work from ready queue.
[2026-05-29T19:32:15.634] [DEBUG] debug-file - A work dispatched to worker[29] failed because unable to get work from ready queue.
[2026-05-29T19:32:15.634] [DEBUG] debug-file - A work dispatched to worker[28] failed because unable to get work from ready queue.
[2026-05-29T19:32:15.634] [DEBUG] debug-file - A work dispatched to worker[27] failed because unable to get work from ready queue.
[2026-05-29T19:32:15.634] [DEBUG] debug-file - A work dispatched to worker[26] failed because unable to get work from ready queue.
[2026-05-29T19:32:15.634] [DEBUG] debug-file - A work dispatched to worker[25] failed because unable to get work from ready queue.
[2026-05-29T19:32:15.634] [DEBUG] debug-file - A work dispatched to worker[24] failed because unable to get work from ready queue.
[2026-05-29T19:32:15.634] [DEBUG] debug-file - A work dispatched to worker[23] failed because unable to get work from ready queue.
[2026-05-29T19:32:15.634] [DEBUG] debug-file - A work dispatched to worker[22] failed because unable to get work from ready queue.
[2026-05-29T19:32:15.634] [DEBUG] debug-file - A work dispatched to worker[21] failed because unable to get work from ready queue.
[2026-05-29T19:32:15.634] [DEBUG] debug-file - A work dispatched to worker[20] failed because unable to get work from ready queue.
[2026-05-29T19:32:15.634] [DEBUG] debug-file - A work dispatched to worker[19] failed because unable to get work from ready queue.
[2026-05-29T19:32:15.634] [DEBUG] debug-file - A work dispatched to worker[18] failed because unable to get work from ready queue.
[2026-05-29T19:32:15.634] [DEBUG] debug-file - A work dispatched to worker[17] failed because unable to get work from ready queue.
[2026-05-29T19:32:15.634] [DEBUG] debug-file - A work dispatched to worker[16] failed because unable to get work from ready queue.
[2026-05-29T19:32:15.634] [DEBUG] debug-file - A work dispatched to worker[15] failed because unable to get work from ready queue.
[2026-05-29T19:32:15.634] [DEBUG] debug-file - A work dispatched to worker[14] failed because unable to get work from ready queue.
[2026-05-29T19:32:15.634] [DEBUG] debug-file - A work dispatched to worker[13] failed because unable to get work from ready queue.
[2026-05-29T19:32:15.634] [DEBUG] debug-file - A work dispatched to worker[12] failed because unable to get work from ready queue.
[2026-05-29T19:32:15.634] [DEBUG] debug-file - A work dispatched to worker[11] failed because unable to get work from ready queue.
[2026-05-29T19:32:15.634] [DEBUG] debug-file - A work dispatched to worker[10] failed because unable to get work from ready queue.
[2026-05-29T19:32:15.635] [DEBUG] debug-file - A work dispatched to worker[9] failed because unable to get work from ready queue.
[2026-05-29T19:32:15.635] [DEBUG] debug-file - A work dispatched to worker[8] failed because unable to get work from ready queue.
[2026-05-29T19:32:15.635] [DEBUG] debug-file - A work dispatched to worker[7] failed because unable to get work from ready queue.
[2026-05-29T19:32:15.635] [DEBUG] debug-file - A work dispatched to worker[6] failed because unable to get work from ready queue.
[2026-05-29T19:32:15.635] [DEBUG] debug-file - A work dispatched to worker[5] failed because unable to get work from ready queue.
[2026-05-29T19:32:15.635] [DEBUG] debug-file - Create  resident worker with id: 4.
[2026-05-29T19:32:15.636] [DEBUG] debug-file - default@CompileArkTS work[3] has been dispatched to worker[4].
[2026-05-29T19:32:15.636] [DEBUG] debug-file - default@CompileArkTS work[3] is dispatched.
[2026-05-29T19:32:15.636] [DEBUG] debug-file - CopyResources startTime: 459438719043300
[2026-05-29T19:32:15.636] [DEBUG] debug-file - default@CompileArkTS work[4] is submitted.
[2026-05-29T19:32:15.636] [DEBUG] debug-file - default@CompileArkTS work[4] is pushed to ready queue.
[2026-05-29T19:32:15.636] [DEBUG] debug-file - A work dispatched to worker[31] failed because unable to get work from ready queue.
[2026-05-29T19:32:15.636] [DEBUG] debug-file - Create  resident worker with id: 30.
[2026-05-29T19:32:15.637] [DEBUG] debug-file - default@CompileArkTS work[4] has been dispatched to worker[30].
[2026-05-29T19:32:15.637] [DEBUG] debug-file - default@CompileArkTS work[4] is dispatched.
[2026-05-29T19:32:15.637] [DEBUG] debug-file - entry : default@CompileArkTS cost memory 1.5179824829101562
[2026-05-29T19:32:15.639] [DEBUG] debug-file - Executing task :entry:default@BuildJS
[2026-05-29T19:32:15.640] [DEBUG] debug-file - Task 'entry:default@BuildJS' cost while wrapping incremental declarations: 1 ms 
[2026-05-29T19:32:15.642] [DEBUG] debug-file - entry : default@BuildJS cost memory 0.13558197021484375
[2026-05-29T19:32:15.643] [DEBUG] debug-file - runTaskFromQueue task cost before running: 903 ms 
[2026-05-29T19:32:15.643] [INFO] debug-file - Finished :entry:default@BuildJS... after 4 ms 
[2026-05-29T19:32:15.644] [DEBUG] debug-file - Executing task :entry:default@CacheNativeLibs
[2026-05-29T19:32:15.644] [DEBUG] debug-file - Task 'entry:default@CacheNativeLibs' cost while wrapping incremental declarations: 1 ms 
[2026-05-29T19:32:15.646] [DEBUG] debug-file - entry:default@CacheNativeLibs is not up-to-date, since the output file 'C:\1234\tl-card\entry\build\default\intermediates\patch\default\base_native_libs.json' does not exist.
[2026-05-29T19:32:15.646] [DEBUG] debug-file - Incremental task entry:default@CacheNativeLibs pre-execution cost: 2 ms .
[2026-05-29T19:32:15.646] [DEBUG] debug-file - default@CacheNativeLibs work[5] is submitted.
[2026-05-29T19:32:15.646] [DEBUG] debug-file - default@CacheNativeLibs work[5] is pushed to ready queue.
[2026-05-29T19:32:15.646] [DEBUG] debug-file - A work dispatched to worker[31] failed because unable to get work from ready queue.
[2026-05-29T19:32:15.646] [DEBUG] debug-file - A work dispatched to worker[30] failed because of worker busy.
[2026-05-29T19:32:15.646] [DEBUG] debug-file - Create  resident worker with id: 29.
[2026-05-29T19:32:15.647] [DEBUG] debug-file - default@CacheNativeLibs work[5] has been dispatched to worker[29].
[2026-05-29T19:32:15.647] [DEBUG] debug-file - default@CacheNativeLibs work[5] is dispatched.
[2026-05-29T19:32:15.647] [DEBUG] debug-file - entry : default@CacheNativeLibs cost memory 0.19895172119140625
[2026-05-29T19:32:17.783] [DEBUG] debug-file - worker[30] has one work done.
[2026-05-29T19:32:17.784] [DEBUG] debug-file - CopyResources is end, endTime: 459440866745100
[2026-05-29T19:32:17.784] [DEBUG] debug-file - default@CompileArkTS work[4] done.
[2026-05-29T19:32:17.784] [DEBUG] debug-file - A work dispatched to worker[30] failed because unable to get work from ready queue.
[2026-05-29T19:32:17.912] [DEBUG] debug-file - worker[29] has one work done.
[2026-05-29T19:32:17.912] [DEBUG] debug-file - default@CacheNativeLibs work[5] done.
[2026-05-29T19:32:17.912] [DEBUG] debug-file - A work dispatched to worker[29] failed because unable to get work from ready queue.
[2026-05-29T19:32:17.912] [INFO] debug-file - Finished :entry:default@CacheNativeLibs... after 11 ms 
[2026-05-29T19:32:24.012] [WARN] debug-file - [33mWARN: [33m[33mArkTS:WARN File: C:/1234/tl-card/entry/src/main/ets/pages/MainPage.ets:103:20
 'pushUrl' has been deprecated.
[39m[39m
[33mWARN: [33m[33mArkTS:WARN File: C:/1234/tl-card/entry/src/main/ets/pages/ResultPage.ets:23:36
 'back' has been deprecated.
[39m[39m
[33mWARN: [33m[33mArkTS:WARN File: C:/1234/tl-card/entry/src/main/ets/pages/ResultPage.ets:57:33
 'back' has been deprecated.
[39m[39m

[2026-05-29T19:32:24.013] [DEBUG] debug-file - Ark compile task finished.finished time is 459447096021300
[2026-05-29T19:32:24.014] [DEBUG] debug-file - worker[4] has one work done.
[2026-05-29T19:32:24.019] [DEBUG] debug-file - default@CompileArkTS work[3] done.
[2026-05-29T19:32:24.019] [DEBUG] debug-file - A work dispatched to worker[4] failed because unable to get work from ready queue.
[2026-05-29T19:32:24.021] [INFO] debug-file - Finished :entry:default@CompileArkTS... after 4 s 419 ms 
[2026-05-29T19:32:24.023] [DEBUG] debug-file - Executing task :entry:default@GeneratePkgModuleJson
[2026-05-29T19:32:24.023] [DEBUG] debug-file - File: 'C:\1234\tl-card\entry\build\default\intermediates\preload\default\preload.json' from 'preloadSoJsonPath' is not exists, just ignore.
[2026-05-29T19:32:24.024] [DEBUG] debug-file - Error occurs while handling @Input 'shouldDeduplicateHar': The "data" argument must be of type string or an instance of Buffer, TypedArray, or DataView. Received undefined
[2026-05-29T19:32:24.024] [DEBUG] debug-file - Task 'entry:default@GeneratePkgModuleJson' cost while wrapping incremental declarations: 2 ms 
[2026-05-29T19:32:24.027] [DEBUG] debug-file - entry : default@GeneratePkgModuleJson cost memory 0.1508941650390625
[2026-05-29T19:32:24.028] [DEBUG] debug-file - runTaskFromQueue task cost before running: 9 s 288 ms 
[2026-05-29T19:32:24.028] [INFO] debug-file - Finished :entry:default@GeneratePkgModuleJson... after 6 ms 
[2026-05-29T19:32:24.029] [DEBUG] debug-file - Executing task :entry:default@ProcessCompiledResources
[2026-05-29T19:32:24.029] [DEBUG] debug-file - File: 'C:\1234\tl-card\entry\build\default\intermediates\preload\default\preload.json' from 'preloadSoJsonPath' is not exists, just ignore.
[2026-05-29T19:32:24.030] [DEBUG] debug-file - Task 'entry:default@ProcessCompiledResources' cost while wrapping incremental declarations: 1 ms 
[2026-05-29T19:32:24.030] [DEBUG] debug-file - entry : default@ProcessCompiledResources cost memory 0.09942626953125
[2026-05-29T19:32:24.030] [DEBUG] debug-file - runTaskFromQueue task cost before running: 9 s 291 ms 
[2026-05-29T19:32:24.031] [INFO] debug-file - Finished :entry:default@ProcessCompiledResources... after 2 ms 
[2026-05-29T19:32:24.035] [DEBUG] debug-file - Executing task :entry:default@PackageHap
[2026-05-29T19:32:24.039] [DEBUG] debug-file - Use tool [C:\Program Files\Huawei\DevEco Studio\sdk\default\openharmony\toolchains\lib\app_packing_tool.jar]
 [
  'java',
  '-Dfile.encoding=GBK',
  '-jar',
  'C:\\Program Files\\Huawei\\DevEco Studio\\sdk\\default\\openharmony\\toolchains\\lib\\app_packing_tool.jar',
  '--mode',
  'hap',
  '--force',
  'true',
  '--lib-path',
  'C:\\1234\\tl-card\\entry\\build\\default\\intermediates\\stripped_native_libs\\default',
  '--json-path',
  'C:\\1234\\tl-card\\entry\\build\\default\\intermediates\\package\\default\\module.json',
  '--resources-path',
  'C:\\1234\\tl-card\\entry\\build\\default\\intermediates\\res\\default\\resources',
  '--index-path',
  'C:\\1234\\tl-card\\entry\\build\\default\\intermediates\\res\\default\\resources.index',
  '--pack-info-path',
  'C:\\1234\\tl-card\\entry\\build\\default\\outputs\\default\\pack.info',
  '--out-path',
  'C:\\1234\\tl-card\\entry\\build\\default\\outputs\\default\\entry-default-unsigned.hap',
  '--ets-path',
  'C:\\1234\\tl-card\\entry\\build\\default\\intermediates\\loader_out\\default\\ets'
]
[2026-05-29T19:32:24.368] [DEBUG] debug-file - java daemon socket received message:{"code":0,"message":"pack success"}
[2026-05-29T19:32:24.377] [DEBUG] debug-file - entry : default@PackageHap cost memory 0.5173873901367188
[2026-05-29T19:32:24.377] [DEBUG] debug-file - runTaskFromQueue task cost before running: 9 s 638 ms 
[2026-05-29T19:32:24.378] [INFO] debug-file - Finished :entry:default@PackageHap... after 343 ms 
[2026-05-29T19:32:24.379] [DEBUG] debug-file - Executing task :entry:default@PackingCheck
[2026-05-29T19:32:24.385] [DEBUG] debug-file - entry : default@PackingCheck cost memory 0.3535308837890625
[2026-05-29T19:32:24.385] [DEBUG] debug-file - runTaskFromQueue task cost before running: 9 s 645 ms 
[2026-05-29T19:32:24.385] [INFO] debug-file - Finished :entry:default@PackingCheck... after 6 ms 
[2026-05-29T19:32:24.386] [DEBUG] debug-file - Executing task :entry:default@SignHap
[2026-05-29T19:32:24.386] [WARN] debug-file - Will skip sign 'hos_hap'. No signingConfigs profile is configured in current project.
             If needed, configure the signingConfigs in C:\1234\tl-card\build-profile.json5.
[2026-05-29T19:32:24.388] [DEBUG] debug-file - entry : default@SignHap cost memory 0.05748748779296875
[2026-05-29T19:32:24.388] [DEBUG] debug-file - runTaskFromQueue task cost before running: 9 s 648 ms 
[2026-05-29T19:32:24.388] [INFO] debug-file - Finished :entry:default@SignHap... after 2 ms 
[2026-05-29T19:32:24.389] [DEBUG] debug-file - Executing task :entry:default@CollectDebugSymbol
[2026-05-29T19:32:24.390] [DEBUG] debug-file - entry : default@CollectDebugSymbol cost memory 0.08094024658203125
[2026-05-29T19:32:24.390] [DEBUG] debug-file - runTaskFromQueue task cost before running: 9 s 651 ms 
[2026-05-29T19:32:24.391] [INFO] debug-file - Finished :entry:default@CollectDebugSymbol... after 2 ms 
[2026-05-29T19:32:24.391] [DEBUG] debug-file - Executing task :entry:assembleHap
[2026-05-29T19:32:24.391] [DEBUG] debug-file - entry : assembleHap cost memory 0.02654266357421875
[2026-05-29T19:32:24.391] [DEBUG] debug-file - runTaskFromQueue task cost before running: 9 s 652 ms 
[2026-05-29T19:32:24.391] [INFO] debug-file - Finished :entry:assembleHap... after 1 ms 
[2026-05-29T19:32:24.401] [INFO] debug-file - BUILD SUCCESSFUL in 9 s 662 ms 
[2026-05-29T19:32:24.401] [DEBUG] debug-file - There is no need to refresh cache, since the incremental task entry:default@PreBuild is up-to-date.
[2026-05-29T19:32:24.401] [DEBUG] debug-file - Update task entry:default@CreateModuleInfo output file:C:\1234\tl-card\entry\build\default\generated\profile\default\ModuleInfo.ts cache.
[2026-05-29T19:32:24.402] [DEBUG] debug-file - Incremental task entry:default@CreateModuleInfo post-execution cost:1 ms .
[2026-05-29T19:32:24.402] [DEBUG] debug-file - Update task entry:default@GenerateMetadata input file:C:\1234\tl-card\entry\src\main\module.json5 cache by regenerate.
[2026-05-29T19:32:24.402] [DEBUG] debug-file - Update task entry:default@GenerateMetadata output file:C:\1234\tl-card\entry\build\default\intermediates\hap_metadata\default\output_metadata.json cache.
[2026-05-29T19:32:24.403] [DEBUG] debug-file - Incremental task entry:default@GenerateMetadata post-execution cost:1 ms .
[2026-05-29T19:32:24.403] [DEBUG] debug-file - Update task entry:default@MergeProfile input file:C:\1234\tl-card\AppScope\app.json5 cache by regenerate.
[2026-05-29T19:32:24.403] [DEBUG] debug-file - Update task entry:default@MergeProfile input file:C:\1234\tl-card\build-profile.json5 cache by regenerate.
[2026-05-29T19:32:24.404] [DEBUG] debug-file - Update task entry:default@MergeProfile input file:C:\1234\tl-card\entry\src\main\module.json5 cache by regenerate.
[2026-05-29T19:32:24.404] [DEBUG] debug-file - Update task entry:default@MergeProfile output file:C:\1234\tl-card\entry\build\default\intermediates\merge_profile\default\module.json cache.
[2026-05-29T19:32:24.404] [DEBUG] debug-file - Incremental task entry:default@MergeProfile post-execution cost:2 ms .
[2026-05-29T19:32:24.404] [DEBUG] debug-file - Update task entry:default@CreateBuildProfile input file:C:\1234\tl-card\AppScope\app.json5 cache by regenerate.
[2026-05-29T19:32:24.404] [DEBUG] debug-file - Update task entry:default@CreateBuildProfile input file:C:\1234\tl-card\build-profile.json5 cache by regenerate.
[2026-05-29T19:32:24.404] [DEBUG] debug-file - Update task entry:default@CreateBuildProfile output file:C:\1234\tl-card\entry\build\default\generated\profile\default\BuildProfile.ets cache.
[2026-05-29T19:32:24.405] [DEBUG] debug-file - Incremental task entry:default@CreateBuildProfile post-execution cost:1 ms .
[2026-05-29T19:32:24.405] [DEBUG] debug-file - Update task entry:default@GeneratePkgContextInfo output file:C:\1234\tl-card\entry\build\default\intermediates\loader\default\pkgContextInfo.json cache.
[2026-05-29T19:32:24.405] [DEBUG] debug-file - Incremental task entry:default@GeneratePkgContextInfo post-execution cost:1 ms .
[2026-05-29T19:32:24.405] [DEBUG] debug-file - Update task entry:default@ProcessIntegratedHsp output file:C:\1234\tl-card\build\cache\default\integrated_hsp\integratedHspCache.json cache.
[2026-05-29T19:32:24.405] [DEBUG] debug-file - Incremental task entry:default@ProcessIntegratedHsp post-execution cost:1 ms .
[2026-05-29T19:32:24.406] [DEBUG] debug-file - Update task entry:default@MakePackInfo input file:C:\1234\tl-card\AppScope\app.json5 cache by regenerate.
[2026-05-29T19:32:24.406] [DEBUG] debug-file - Update task entry:default@MakePackInfo input file:C:\1234\tl-card\entry\src\main\module.json5 cache by regenerate.
[2026-05-29T19:32:24.406] [DEBUG] debug-file - Update task entry:default@MakePackInfo input file:C:\1234\tl-card\build-profile.json5 cache by regenerate.
[2026-05-29T19:32:24.407] [DEBUG] debug-file - Update task entry:default@MakePackInfo output file:C:\1234\tl-card\entry\build\default\outputs\default\pack.info cache.
[2026-05-29T19:32:24.407] [DEBUG] debug-file - Incremental task entry:default@MakePackInfo post-execution cost:2 ms .
[2026-05-29T19:32:24.407] [DEBUG] debug-file - Update task entry:default@SyscapTransform input file:C:\Program Files\Huawei\DevEco Studio\sdk\default\openharmony\toolchains\syscap_tool.exe cache by regenerate.
[2026-05-29T19:32:24.408] [DEBUG] debug-file - Update task entry:default@SyscapTransform input file:C:\Program Files\Huawei\DevEco Studio\sdk\default\openharmony\ets\api\device-define cache by regenerate.
[2026-05-29T19:32:24.409] [DEBUG] debug-file - Update task entry:default@SyscapTransform output file:C:\1234\tl-card\entry\build\default\intermediates\syscap\default\rpcid.sc cache.
[2026-05-29T19:32:24.409] [DEBUG] debug-file - Incremental task entry:default@SyscapTransform post-execution cost:2 ms .
[2026-05-29T19:32:24.409] [DEBUG] debug-file - Update task entry:default@ProcessProfile input file:C:\1234\tl-card\entry\build\default\intermediates\merge_profile\default\module.json cache from map.
[2026-05-29T19:32:24.409] [DEBUG] debug-file - Update task entry:default@ProcessProfile output file:C:\1234\tl-card\entry\build\default\intermediates\process_profile\default\module.json cache.
[2026-05-29T19:32:24.409] [DEBUG] debug-file - Incremental task entry:default@ProcessProfile post-execution cost:1 ms .
[2026-05-29T19:32:24.410] [DEBUG] debug-file - Update task entry:default@ProcessRouterMap input file:C:\1234\tl-card\entry\oh-package.json5 cache by regenerate.
[2026-05-29T19:32:24.410] [DEBUG] debug-file - Update task entry:default@ProcessRouterMap input file:C:\1234\tl-card\oh-package.json5 cache by regenerate.
[2026-05-29T19:32:24.410] [DEBUG] debug-file - Update task entry:default@ProcessRouterMap input file:C:\1234\tl-card\entry\src\main\module.json5 cache by regenerate.
[2026-05-29T19:32:24.410] [DEBUG] debug-file - Update task entry:default@ProcessRouterMap output file:C:\1234\tl-card\entry\build\default\intermediates\router_map\default\temp-router-map.json cache.
[2026-05-29T19:32:24.410] [DEBUG] debug-file - Update task entry:default@ProcessRouterMap output file:C:\1234\tl-card\entry\build\default\intermediates\router_map\default\loader-router-map.json cache.
[2026-05-29T19:32:24.411] [DEBUG] debug-file - Incremental task entry:default@ProcessRouterMap post-execution cost:2 ms .
[2026-05-29T19:32:24.411] [DEBUG] debug-file - Update task entry:default@ProcessShareConfig input file:C:\1234\tl-card\entry\oh-package.json5 cache by regenerate.
[2026-05-29T19:32:24.411] [DEBUG] debug-file - Update task entry:default@ProcessShareConfig input file:C:\1234\tl-card\oh-package.json5 cache by regenerate.
[2026-05-29T19:32:24.411] [DEBUG] debug-file - Update task entry:default@ProcessShareConfig input file:C:\1234\tl-card\entry\src\main\module.json5 cache by regenerate.
[2026-05-29T19:32:24.412] [DEBUG] debug-file - Update task entry:default@ProcessShareConfig output file:C:\1234\tl-card\entry\build\default\intermediates\share_config\default\temp-share-config.json cache.
[2026-05-29T19:32:24.412] [DEBUG] debug-file - Incremental task entry:default@ProcessShareConfig post-execution cost:2 ms .
[2026-05-29T19:32:24.412] [DEBUG] debug-file - Update task entry:default@ProcessStartupConfig output file:C:\1234\tl-card\entry\build\default\intermediates\startup\default\startup_config.json cache.
[2026-05-29T19:32:24.412] [DEBUG] debug-file - Incremental task entry:default@ProcessStartupConfig post-execution cost:1 ms .
[2026-05-29T19:32:24.412] [DEBUG] debug-file - Update task entry:default@ProcessResource output file:C:\1234\tl-card\entry\build\default\intermediates\res\default\resConfig.json cache.
[2026-05-29T19:32:24.412] [DEBUG] debug-file - Update task entry:default@ProcessResource output file:C:\1234\tl-card\entry\build\default\intermediates\res\default\opt-compression.json cache.
[2026-05-29T19:32:24.413] [DEBUG] debug-file - Incremental task entry:default@ProcessResource post-execution cost:1 ms .
[2026-05-29T19:32:24.413] [DEBUG] debug-file - Update task entry:default@GenerateLoaderJson input file:C:\1234\tl-card\entry\build\default\intermediates\router_map\default\temp-router-map.json cache from map.
[2026-05-29T19:32:24.413] [DEBUG] debug-file - Update task entry:default@GenerateLoaderJson output file:C:\1234\tl-card\entry\build\default\intermediates\loader\default\loader.json cache.
[2026-05-29T19:32:24.414] [DEBUG] debug-file - Incremental task entry:default@GenerateLoaderJson post-execution cost:2 ms .
[2026-05-29T19:32:24.414] [DEBUG] debug-file - Update task entry:default@ProcessLibs input file:C:\1234\tl-card\build-profile.json5 cache by regenerate.
[2026-05-29T19:32:24.414] [DEBUG] debug-file - Update task entry:default@ProcessLibs input file:C:\1234\tl-card\entry\build-profile.json5 cache by regenerate.
[2026-05-29T19:32:24.415] [DEBUG] debug-file - Update task entry:default@ProcessLibs output file:C:\1234\tl-card\entry\build\default\intermediates\libs\default cache.
[2026-05-29T19:32:24.415] [DEBUG] debug-file - Incremental task entry:default@ProcessLibs post-execution cost:2 ms .
[2026-05-29T19:32:24.416] [DEBUG] debug-file - Update task entry:default@CompileResource input file:C:\1234\tl-card\entry\src\main\resources cache by regenerate.
[2026-05-29T19:32:24.418] [DEBUG] debug-file - Update task entry:default@CompileResource input file:C:\1234\tl-card\AppScope\resources cache by regenerate.
[2026-05-29T19:32:24.420] [DEBUG] debug-file - Update task entry:default@CompileResource input file:C:\1234\tl-card\entry\build\default\intermediates\process_profile\default\module.json cache from map.
[2026-05-29T19:32:24.421] [DEBUG] debug-file - Update task entry:default@CompileResource input file:C:\1234\tl-card\entry\build\default\intermediates\res\default\resConfig.json cache by regenerate.
[2026-05-29T19:32:24.421] [DEBUG] debug-file - Update task entry:default@CompileResource output file:C:\1234\tl-card\entry\build\default\intermediates\res\default cache.
[2026-05-29T19:32:24.430] [DEBUG] debug-file - Update task entry:default@CompileResource output file:C:\1234\tl-card\entry\build\default\generated\r\default\ResourceTable.h cache.
[2026-05-29T19:32:24.431] [DEBUG] debug-file - Update task entry:default@CompileResource output file:C:\1234\tl-card\entry\build\default\generated\r\default cache.
[2026-05-29T19:32:24.432] [DEBUG] debug-file - Incremental task entry:default@CompileResource post-execution cost:18 ms .
[2026-05-29T19:32:24.432] [DEBUG] debug-file - Update task entry:default@DoNativeStrip input file:C:\1234\tl-card\entry\build\default\intermediates\libs\default cache by regenerate.
[2026-05-29T19:32:24.433] [DEBUG] debug-file - Update task entry:default@DoNativeStrip output file:C:\1234\tl-card\entry\build\default\intermediates\stripped_native_libs\default cache.
[2026-05-29T19:32:24.434] [DEBUG] debug-file - Incremental task entry:default@DoNativeStrip post-execution cost:2 ms .
[2026-05-29T19:32:24.436] [DEBUG] debug-file - Update task entry:default@CompileArkTS input file:C:\1234\tl-card\entry\build\default\intermediates\loader\default cache by regenerate.
[2026-05-29T19:32:24.437] [DEBUG] debug-file - Update task entry:default@CompileArkTS input file:C:\1234\tl-card\entry\build\default\intermediates\res\default\ResourceTable.txt cache by regenerate.
[2026-05-29T19:32:24.437] [DEBUG] debug-file - Update task entry:default@CompileArkTS input file:C:\1234\tl-card\entry\build\default\intermediates\res\default\ark_module.json cache by regenerate.
[2026-05-29T19:32:24.438] [DEBUG] debug-file - Update task entry:default@CompileArkTS input file:C:\1234\tl-card\entry\build\default\intermediates\res\default\resources\base\profile cache by regenerate.
[2026-05-29T19:32:24.438] [DEBUG] debug-file - Update task entry:default@CompileArkTS input file:C:\1234\tl-card\entry\src\main\ets cache by regenerate.
[2026-05-29T19:32:24.441] [DEBUG] debug-file - Update task entry:default@CompileArkTS input file:C:\1234\tl-card\entry\build\default\generated\profile\default\BuildProfile.ets cache by regenerate.
[2026-05-29T19:32:24.441] [DEBUG] debug-file - Update task entry:default@CompileArkTS output file:C:\1234\tl-card\entry\build\default\intermediates\loader_out\default\ets cache.
[2026-05-29T19:32:24.442] [DEBUG] debug-file - Incremental task entry:default@CompileArkTS post-execution cost:9 ms .
[2026-05-29T19:32:24.443] [DEBUG] debug-file - Update task entry:default@BuildJS input file:C:\1234\tl-card\entry\build\default\intermediates\loader\default cache by regenerate.
[2026-05-29T19:32:24.444] [DEBUG] debug-file - Update task entry:default@BuildJS input file:C:\1234\tl-card\entry\build\default\intermediates\res\default\ResourceTable.txt cache by regenerate.
[2026-05-29T19:32:24.444] [DEBUG] debug-file - Update task entry:default@BuildJS input file:C:\1234\tl-card\entry\build\default\intermediates\res\default\ark_module.json cache by regenerate.
[2026-05-29T19:32:24.444] [DEBUG] debug-file - Update task entry:default@BuildJS input file:C:\1234\tl-card\entry\build\default\intermediates\res\default\resources\base\profile cache by regenerate.
[2026-05-29T19:32:24.445] [DEBUG] debug-file - Update task entry:default@BuildJS output file:C:\1234\tl-card\entry\build\default\intermediates\loader_out\default\js cache.
[2026-05-29T19:32:24.445] [DEBUG] debug-file - Incremental task entry:default@BuildJS post-execution cost:3 ms .
[2026-05-29T19:32:24.445] [DEBUG] debug-file - Update task entry:default@CacheNativeLibs input file:C:\1234\tl-card\entry\build\default\intermediates\stripped_native_libs\default cache by regenerate.
[2026-05-29T19:32:24.445] [DEBUG] debug-file - Update task entry:default@CacheNativeLibs input file:C:\1234\tl-card\entry\build\default\intermediates\libs\default cache by regenerate.
[2026-05-29T19:32:24.446] [DEBUG] debug-file - Update task entry:default@CacheNativeLibs output file:C:\1234\tl-card\entry\build\default\intermediates\patch\default\base_native_libs.json cache.
[2026-05-29T19:32:24.446] [DEBUG] debug-file - Incremental task entry:default@CacheNativeLibs post-execution cost:1 ms .
[2026-05-29T19:32:24.446] [DEBUG] debug-file - Update task entry:default@GeneratePkgModuleJson input file:C:\1234\tl-card\entry\build\default\intermediates\res\default\module.json cache by regenerate.
[2026-05-29T19:32:24.446] [DEBUG] debug-file - Update task entry:default@GeneratePkgModuleJson output file:C:\1234\tl-card\entry\build\default\intermediates\package\default\module.json cache.
[2026-05-29T19:32:24.446] [DEBUG] debug-file - Incremental task entry:default@GeneratePkgModuleJson post-execution cost:1 ms .
[2026-05-29T19:32:24.446] [DEBUG] debug-file - Incremental task entry:default@ProcessCompiledResources post-execution cost:1 ms .
[2026-05-29T19:32:24.447] [DEBUG] debug-file - Update task entry:default@PackageHap input file:C:\1234\tl-card\entry\build\default\intermediates\stripped_native_libs\default cache by regenerate.
[2026-05-29T19:32:24.448] [DEBUG] debug-file - Update task entry:default@PackageHap input file:C:\1234\tl-card\entry\build\default\intermediates\res\default\module.json cache by regenerate.
[2026-05-29T19:32:24.448] [DEBUG] debug-file - Update task entry:default@PackageHap input file:C:\1234\tl-card\entry\build\default\intermediates\res\default\resources cache by regenerate.
[2026-05-29T19:32:24.450] [DEBUG] debug-file - Update task entry:default@PackageHap input file:C:\1234\tl-card\entry\build\default\intermediates\res\default\resources.index cache by regenerate.
[2026-05-29T19:32:24.450] [DEBUG] debug-file - Update task entry:default@PackageHap input file:C:\1234\tl-card\entry\build\default\outputs\default\pack.info cache by regenerate.
[2026-05-29T19:32:24.450] [DEBUG] debug-file - Update task entry:default@PackageHap input file:C:\1234\tl-card\entry\build\default\intermediates\loader_out\default\ets cache by regenerate.
[2026-05-29T19:32:24.451] [DEBUG] debug-file - Update task entry:default@PackageHap input file:C:\1234\tl-card\entry\build\default\intermediates\loader_out\default\ets\sourceMaps.map cache by regenerate.
[2026-05-29T19:32:24.451] [DEBUG] debug-file - Update task entry:default@PackageHap input file:C:\1234\tl-card\entry\build\default\generated\profile\default\BuildProfile.ets cache by regenerate.
[2026-05-29T19:32:24.451] [DEBUG] debug-file - Update task entry:default@PackageHap output file:C:\1234\tl-card\entry\build\default\outputs\default\entry-default-unsigned.hap cache.
[2026-05-29T19:32:24.452] [DEBUG] debug-file - Update task entry:default@PackageHap output file:C:\1234\tl-card\entry\build\default\intermediates\source_map\default\sourceMaps.map cache.
[2026-05-29T19:32:24.452] [DEBUG] debug-file - Update task entry:default@PackageHap output file:C:\1234\tl-card\entry\build\default\outputs\default\mapping\sourceMaps.map cache.
[2026-05-29T19:32:24.452] [DEBUG] debug-file - Incremental task entry:default@PackageHap post-execution cost:6 ms .
[2026-05-29T19:32:24.452] [DEBUG] debug-file - Update task entry:default@SignHap input file:C:\1234\tl-card\entry\build\default\outputs\default\entry-default-unsigned.hap cache by regenerate.
[2026-05-29T19:32:24.453] [DEBUG] debug-file - Update task entry:default@SignHap output file:C:\1234\tl-card\entry\build\default\outputs\default\entry-default-signed.hap cache.
[2026-05-29T19:32:24.453] [DEBUG] debug-file - Incremental task entry:default@SignHap post-execution cost:1 ms .
[2026-05-29T19:32:24.453] [DEBUG] debug-file - Update task entry:default@CollectDebugSymbol input file:C:\1234\tl-card\entry\build\default\intermediates\loader_out\default\ets\sourceMaps.map cache by regenerate.
[2026-05-29T19:32:24.453] [DEBUG] debug-file - Update task entry:default@CollectDebugSymbol input file:C:\1234\tl-card\entry\build\default\intermediates\libs\default cache by regenerate.
[2026-05-29T19:32:24.454] [DEBUG] debug-file - Update task entry:default@CollectDebugSymbol output file:C:\1234\tl-card\entry\build\default\outputs\default\symbol cache.
[2026-05-29T19:32:24.454] [DEBUG] debug-file - Incremental task entry:default@CollectDebugSymbol post-execution cost:2 ms .
[2026-05-29T19:32:24.485] [DEBUG] debug-file - Cleanup worker 0.
[2026-05-29T19:32:24.486] [DEBUG] debug-file - Worker 0 has been cleaned up.
[2026-05-29T19:32:24.486] [DEBUG] debug-file - Current idle worker size: 4.
[2026-05-29T19:32:24.486] [DEBUG] debug-file - Current resident worker size: 5.
[2026-05-29T19:32:24.486] [DEBUG] debug-file - Cleanup worker 1.
[2026-05-29T19:32:24.486] [DEBUG] debug-file - Worker 1 has been cleaned up.
[2026-05-29T19:32:24.486] [DEBUG] debug-file - Current idle worker size: 3.
[2026-05-29T19:32:24.486] [DEBUG] debug-file - Current resident worker size: 5.
[2026-05-29T19:32:24.486] [DEBUG] debug-file - Cleanup worker 30.
[2026-05-29T19:32:24.486] [DEBUG] debug-file - Worker 30 has been cleaned up.
[2026-05-29T19:32:24.487] [DEBUG] debug-file - Current idle worker size: 2.
[2026-05-29T19:32:24.487] [DEBUG] debug-file - Current resident worker size: 5.
[2026-05-29T19:32:24.487] [DEBUG] debug-file - Cleanup worker 29.
[2026-05-29T19:32:24.487] [DEBUG] debug-file - Worker 29 has been cleaned up.
[2026-05-29T19:32:24.487] [DEBUG] debug-file - Current idle worker size: 1.
[2026-05-29T19:32:24.487] [DEBUG] debug-file - Current resident worker size: 5.
[2026-05-29T19:32:24.490] [DEBUG] debug-file - hvigor build process will be closed.
[2026-05-29T19:32:24.490] [DEBUG] debug-file - java daemon socket close code:1000 reason:close by user
[2026-05-29T19:32:24.494] [DEBUG] debug-file - worker[0] exits with exit code 1.
[2026-05-29T19:32:24.494] [DEBUG] debug-file - worker[1] exits with exit code 1.
[2026-05-29T19:32:24.496] [DEBUG] debug-file - worker[30] exits with exit code 1.
[2026-05-29T19:32:24.498] [DEBUG] debug-file - worker[29] exits with exit code 1.
[2026-05-29T19:32:24.505] [DEBUG] debug-file - session manager: send message to worker process.
[2026-05-29T19:32:24.508] [DEBUG] debug-file - session manager: send message to worker process.
[2026-05-29T19:32:24.506] [DEBUG] debug-file - watch worker: worker id should be larger than 0. Nothing will be sent to any worker thread.
[2026-05-29T19:32:24.509] [DEBUG] debug-file - watch worker: worker id should be larger than 0. Nothing will be sent to any worker thread.
[2026-05-29T19:45:11.128] [DEBUG] debug-file - session manager: set active socket. socketId=Ua0hRd3RwB9DL3x5AAAF
[2026-05-29T19:45:11.139] [DEBUG] debug-file - watch worker: worker id should be larger than 0. Nothing will be sent to any worker thread.
[2026-05-29T19:45:11.144] [DEBUG] debug-file - Workers' log level updated to INFO
[2026-05-29T19:45:11.148] [DEBUG] debug-file - Hvigor init with startParameters:{
  hvigorfileTypeCheck: false,
  parallelExecution: true,
  incrementalExecution: true,
  printStackTrace: false,
  daemon: true,
  analyze: 0,
  logLevel: Level { level: 20000, levelStr: 'INFO', colour: 'green' },
  optimizationStrategy: 'memory',
  hotCompile: undefined,
  hotReloadBuild: undefined,
  customizedParam: undefined
}
[2026-05-29T19:45:11.152] [DEBUG] debug-file - Cache service initialization finished in 4 ms 
[2026-05-29T19:45:11.154] [DEBUG] debug-file - hvigorfile, resolving C:\1234\tl-card\hvigorfile.ts
[2026-05-29T19:45:11.162] [DEBUG] debug-file - hvigorfile, require result:  { default: { plugins: [] } }
[2026-05-29T19:45:11.162] [DEBUG] debug-file - hvigorfile, binding system plugins null
[2026-05-29T19:45:11.162] [DEBUG] debug-file - Starting plugin build process
[2026-05-29T19:45:11.163] [DEBUG] debug-file - App plugin prepare start...
[2026-05-29T19:45:11.163] [DEBUG] debug-file - App plugin prepare end...
[2026-05-29T19:45:11.163] [DEBUG] debug-file - App plugin creating...
[2026-05-29T19:45:11.301] [DEBUG] debug-file - App plugin register hook start...
[2026-05-29T19:45:11.302] [DEBUG] debug-file - App plugin register hook end...
[2026-05-29T19:45:11.302] [DEBUG] debug-file - Plugin build process completed
[2026-05-29T19:45:11.302] [DEBUG] debug-file - Start initialize project's product build option map with build mode debug.
[2026-05-29T19:45:11.302] [DEBUG] debug-file - Picking option from product 'default' with build mode 'debug'.
[2026-05-29T19:45:11.302] [DEBUG] debug-file - Product 'default' build option initialized
[2026-05-29T19:45:11.302] [DEBUG] debug-file - End initialize project's product build option map with build mode 'debug'.
[2026-05-29T19:45:11.303] [DEBUG] debug-file - Obtain build option for product 'default'in this build.
[2026-05-29T19:45:11.304] [DEBUG] debug-file - No signingConfig found, initRemoteHspCache failed.
[2026-05-29T19:45:11.309] [DEBUG] debug-file - Start recording SDK configuration permission data.
[2026-05-29T19:45:11.335] [DEBUG] debug-file - Sdk init in 30 ms 
[2026-05-29T19:45:11.339] [DEBUG] debug-file - Project task initialization takes 4 ms 
[2026-05-29T19:45:11.340] [DEBUG] debug-file - hvigorfile, binding custom plugins []
[2026-05-29T19:45:11.340] [DEBUG] debug-file - hvigorfile, no custom plugins were found in C:\1234\tl-card\hvigorfile.ts
[2026-05-29T19:45:11.340] [DEBUG] debug-file - hvigorfile, resolve finished C:\1234\tl-card\hvigorfile.ts
[2026-05-29T19:45:11.340] [DEBUG] debug-file - hvigorfile, resolving C:\1234\tl-card\entry\hvigorfile.ts
[2026-05-29T19:45:11.344] [DEBUG] debug-file - hvigorfile, require result:  { default: { plugins: [] } }
[2026-05-29T19:45:11.344] [DEBUG] debug-file - hvigorfile, binding system plugins null
[2026-05-29T19:45:11.344] [DEBUG] debug-file - Starting plugin build process
[2026-05-29T19:45:11.344] [DEBUG] debug-file - Hap plugin creating...
[2026-05-29T19:45:11.345] [DEBUG] debug-file - failed to load cangjie to dynamically generate schemas: Error: Cannot find module '@ohos/cangjie-build-support/index'
Require stack:
- C:\Program Files\Huawei\DevEco Studio\tools\hvigor\hvigor-ohos-plugin\src\plugin\hooks\cangjie-register.js
- C:\Program Files\Huawei\DevEco Studio\tools\hvigor\hvigor-ohos-plugin\src\plugin\strategy\stage-init-strategy.js
- C:\Program Files\Huawei\DevEco Studio\tools\hvigor\hvigor-ohos-plugin\src\plugin\builder\abstract-plugin-builder.js
- C:\Program Files\Huawei\DevEco Studio\tools\hvigor\hvigor-ohos-plugin\src\plugin\builder\app-plugin-builder.js
- C:\Program Files\Huawei\DevEco Studio\tools\hvigor\hvigor-ohos-plugin\src\plugin\factory\plugin-factory.js
- C:\Program Files\Huawei\DevEco Studio\tools\hvigor\hvigor-ohos-plugin\index.js
- C:\1234\tl-card\hvigorfile.ts
- C:\Program Files\Huawei\DevEco Studio\tools\hvigor\hvigor\src\base\internal\lifecycle\configuration.js
- C:\Program Files\Huawei\DevEco Studio\tools\hvigor\hvigor\src\base\boot\index.js
- C:\Program Files\Huawei\DevEco Studio\tools\hvigor\hvigor\src\base\daemon\cluster\worker-process-lifecycle.js
- C:\Program Files\Huawei\DevEco Studio\tools\hvigor\hvigor\src\base\daemon\process\daemon-process-boot-script.js
[2026-05-29T19:45:11.351] [DEBUG] debug-file - Start initialize module-target build option map, moduleName=entry, buildMode=debug
[2026-05-29T19:45:11.351] [DEBUG] debug-file - Target 'default' config initialized
[2026-05-29T19:45:11.351] [DEBUG] debug-file - Module 'entry' target 'default' build option initialized
[2026-05-29T19:45:11.351] [DEBUG] debug-file - End initialize module-target build option map, moduleName=entry
[2026-05-29T19:45:11.351] [DEBUG] debug-file - Start initialize module-target build option map, moduleName=entry, buildMode=release
[2026-05-29T19:45:11.351] [DEBUG] debug-file - Target 'default' config initialized
[2026-05-29T19:45:11.351] [DEBUG] debug-file - Module 'entry' target 'default' build option initialized
[2026-05-29T19:45:11.351] [DEBUG] debug-file - End initialize module-target build option map, moduleName=entry
[2026-05-29T19:45:11.351] [DEBUG] debug-file - Start initialize module-target build option map, moduleName=entry, buildMode=debug
[2026-05-29T19:45:11.351] [DEBUG] debug-file - Target 'default' config initialized
[2026-05-29T19:45:11.351] [DEBUG] debug-file - Module 'entry' target 'default' build option initialized
[2026-05-29T19:45:11.351] [DEBUG] debug-file - End initialize module-target build option map, moduleName=entry
[2026-05-29T19:45:11.351] [DEBUG] debug-file - Obtain build option for module 'entry' target 'default'in this build.
[2026-05-29T19:45:11.353] [DEBUG] debug-file - Module entry task initialization takes 1 ms 
[2026-05-29T19:45:11.353] [DEBUG] debug-file - Hap plugin register hook start...
[2026-05-29T19:45:11.353] [DEBUG] debug-file - Hap plugin register hook end...
[2026-05-29T19:45:11.353] [DEBUG] debug-file - Plugin build process completed
[2026-05-29T19:45:11.353] [DEBUG] debug-file - hvigorfile, binding custom plugins []
[2026-05-29T19:45:11.353] [DEBUG] debug-file - hvigorfile, no custom plugins were found in C:\1234\tl-card\entry\hvigorfile.ts
[2026-05-29T19:45:11.353] [DEBUG] debug-file - hvigorfile, resolve finished C:\1234\tl-card\entry\hvigorfile.ts
[2026-05-29T19:45:11.401] [DEBUG] debug-file - hvigorfile, resolve hvigorfile dependencies in 48 ms 
[2026-05-29T19:45:11.401] [DEBUG] debug-file - project has submodules:entry
[2026-05-29T19:45:11.402] [DEBUG] debug-file - start to load updatedOhPackageInfo to the disk
[2026-05-29T19:45:11.411] [DEBUG] debug-file - load to the disk finished
[2026-05-29T19:45:11.412] [DEBUG] debug-file - Start to initialize dependency information.
[2026-05-29T19:45:11.414] [DEBUG] debug-file - Module tl-card Collected Dependency: 
[2026-05-29T19:45:11.414] [DEBUG] debug-file - Module tl-card's total dependency: 0
[2026-05-29T19:45:11.414] [DEBUG] debug-file - Start to initialize dependency information.
[2026-05-29T19:45:11.417] [DEBUG] debug-file - Module entry Collected Dependency: 
[2026-05-29T19:45:11.417] [DEBUG] debug-file - Module entry's total dependency: 0
[2026-05-29T19:45:11.419] [DEBUG] debug-file - Configuration phase cost:267 ms 
[2026-05-29T19:45:11.420] [DEBUG] debug-file - Configuration task cost before running: 275 ms 
[2026-05-29T19:45:11.424] [DEBUG] debug-file - Executing task :entry:default@PreBuild
[2026-05-29T19:45:11.424] [DEBUG] debug-file - Task 'entry:default@PreBuild' cost while wrapping incremental declarations: 1 ms 
[2026-05-29T19:45:11.433] [DEBUG] debug-file - entry:default@PreBuild is not up-to-date, since the task snapshots are different.
[2026-05-29T19:45:11.433] [DEBUG] debug-file - Incremental task entry:default@PreBuild pre-execution cost: 7 ms .
[2026-05-29T19:45:11.522] [DEBUG] debug-file - current product is not Atomic service.
[2026-05-29T19:45:11.522] [DEBUG] debug-file - Use tool [win32: JAVA_HOME, CLASSPATH]
 [
  { JAVA_HOME: 'C:\\Program Files\\Huawei\\DevEco Studio\\jbr' },
  { CLASSPATH: undefined }
]
[2026-05-29T19:45:11.522] [DEBUG] debug-file - Use tool [win32: NODE_HOME]
 [
  {
    NODE_HOME: 'C:\\Program Files\\Huawei\\DevEco Studio\\tools\\node'
  }
]
[2026-05-29T19:45:11.523] [DEBUG] debug-file - entry : default@PreBuild cost memory 12.550559997558594
[2026-05-29T19:45:11.523] [DEBUG] debug-file - runTaskFromQueue task cost before running: 379 ms 
[2026-05-29T19:45:11.525] [INFO] debug-file - Finished :entry:default@PreBuild... after 100 ms 
[2026-05-29T19:45:11.526] [DEBUG] debug-file - Executing task :entry:default@CreateModuleInfo
[2026-05-29T19:45:11.526] [DEBUG] debug-file - Task 'entry:default@CreateModuleInfo' cost while wrapping incremental declarations: 1 ms 
[2026-05-29T19:45:11.526] [DEBUG] debug-file - entry : default@CreateModuleInfo cost memory 0.04152679443359375
[2026-05-29T19:45:11.526] [DEBUG] debug-file - runTaskFromQueue task cost before running: 382 ms 
[2026-05-29T19:45:11.526] [INFO] debug-file - Finished :entry:default@CreateModuleInfo... after 1 ms 
[2026-05-29T19:45:11.527] [DEBUG] debug-file - Executing task :entry:default@GenerateMetadata
[2026-05-29T19:45:11.527] [DEBUG] debug-file - Task 'entry:default@GenerateMetadata' cost while wrapping incremental declarations: 1 ms 
[2026-05-29T19:45:11.530] [DEBUG] debug-file - Incremental task entry:default@GenerateMetadata pre-execution cost: 1 ms .
[2026-05-29T19:45:11.530] [DEBUG] debug-file - entry : default@GenerateMetadata cost memory -11.31292724609375
[2026-05-29T19:45:11.530] [INFO] debug-file - UP-TO-DATE :entry:default@GenerateMetadata...  
[2026-05-29T19:45:11.531] [DEBUG] debug-file - Executing task :entry:default@ConfigureCmake
[2026-05-29T19:45:11.531] [DEBUG] debug-file - entry : default@ConfigureCmake cost memory 0.0144805908203125
[2026-05-29T19:45:11.531] [DEBUG] debug-file - runTaskFromQueue task cost before running: 387 ms 
[2026-05-29T19:45:11.531] [INFO] debug-file - Finished :entry:default@ConfigureCmake... after 1 ms 
[2026-05-29T19:45:11.532] [DEBUG] debug-file - Executing task :entry:default@MergeProfile
[2026-05-29T19:45:11.532] [DEBUG] debug-file - Task 'entry:default@MergeProfile' cost while wrapping incremental declarations: 1 ms 
[2026-05-29T19:45:11.533] [DEBUG] debug-file - Incremental task entry:default@MergeProfile pre-execution cost: 2 ms .
[2026-05-29T19:45:11.533] [DEBUG] debug-file - entry : default@MergeProfile cost memory 0.1289215087890625
[2026-05-29T19:45:11.534] [INFO] debug-file - UP-TO-DATE :entry:default@MergeProfile...  
[2026-05-29T19:45:11.534] [DEBUG] debug-file - Executing task :entry:default@CreateBuildProfile
[2026-05-29T19:45:11.535] [DEBUG] debug-file - Task 'entry:default@CreateBuildProfile' cost while wrapping incremental declarations: 1 ms 
[2026-05-29T19:45:11.535] [DEBUG] debug-file - Incremental task entry:default@CreateBuildProfile pre-execution cost: 1 ms .
[2026-05-29T19:45:11.535] [DEBUG] debug-file - entry : default@CreateBuildProfile cost memory 0.22188568115234375
[2026-05-29T19:45:11.536] [INFO] debug-file - UP-TO-DATE :entry:default@CreateBuildProfile...  
[2026-05-29T19:45:11.536] [DEBUG] debug-file - Executing task :entry:default@PreCheckSyscap
[2026-05-29T19:45:11.536] [DEBUG] debug-file - entry : default@PreCheckSyscap cost memory 0.0147552490234375
[2026-05-29T19:45:11.536] [DEBUG] debug-file - runTaskFromQueue task cost before running: 392 ms 
[2026-05-29T19:45:11.536] [INFO] debug-file - Finished :entry:default@PreCheckSyscap... after 1 ms 
[2026-05-29T19:45:11.537] [DEBUG] debug-file - Executing task :entry:default@GeneratePkgContextInfo
[2026-05-29T19:45:11.540] [DEBUG] debug-file - Task 'entry:default@GeneratePkgContextInfo' cost while wrapping incremental declarations: 1 ms 
[2026-05-29T19:45:11.540] [DEBUG] debug-file - entry : default@GeneratePkgContextInfo cost memory 0.202117919921875
[2026-05-29T19:45:11.540] [DEBUG] debug-file - runTaskFromQueue task cost before running: 395 ms 
[2026-05-29T19:45:11.540] [INFO] debug-file - Finished :entry:default@GeneratePkgContextInfo... after 3 ms 
[2026-05-29T19:45:11.543] [DEBUG] debug-file - Executing task :entry:default@ProcessIntegratedHsp
[2026-05-29T19:45:11.543] [DEBUG] debug-file - entry:default@ProcessIntegratedHsp is not up-to-date, since the output file 'C:\1234\tl-card\build\cache\default\integrated_hsp\integratedHspCache.json' does not exist.
[2026-05-29T19:45:11.543] [DEBUG] debug-file - Incremental task entry:default@ProcessIntegratedHsp pre-execution cost: 1 ms .
[2026-05-29T19:45:11.543] [DEBUG] debug-file - entry : default@ProcessIntegratedHsp cost memory 0.054351806640625
[2026-05-29T19:45:11.543] [DEBUG] debug-file - runTaskFromQueue task cost before running: 399 ms 
[2026-05-29T19:45:11.543] [INFO] debug-file - Finished :entry:default@ProcessIntegratedHsp... after 1 ms 
[2026-05-29T19:45:11.544] [DEBUG] debug-file - Executing task :entry:default@BuildNativeWithCmake
[2026-05-29T19:45:11.544] [DEBUG] debug-file - entry : default@BuildNativeWithCmake cost memory 0.0144805908203125
[2026-05-29T19:45:11.544] [DEBUG] debug-file - runTaskFromQueue task cost before running: 400 ms 
[2026-05-29T19:45:11.544] [INFO] debug-file - Finished :entry:default@BuildNativeWithCmake... after 1 ms 
[2026-05-29T19:45:11.545] [DEBUG] debug-file - Executing task :entry:default@MakePackInfo
[2026-05-29T19:45:11.546] [DEBUG] debug-file - Incremental task entry:default@MakePackInfo pre-execution cost: 2 ms .
[2026-05-29T19:45:11.547] [DEBUG] debug-file - entry : default@MakePackInfo cost memory 0.0979766845703125
[2026-05-29T19:45:11.547] [INFO] debug-file - UP-TO-DATE :entry:default@MakePackInfo...  
[2026-05-29T19:45:11.548] [DEBUG] debug-file - Executing task :entry:default@SyscapTransform
[2026-05-29T19:45:11.548] [DEBUG] debug-file - File: 'C:\1234\tl-card\entry\src\main\syscap.json' from 'sysCapJsonPath' is not exists, just ignore.
[2026-05-29T19:45:11.549] [DEBUG] debug-file - Task 'entry:default@SyscapTransform' cost while wrapping incremental declarations: 1 ms 
[2026-05-29T19:45:11.550] [DEBUG] debug-file - entry:default@SyscapTransform is not up-to-date, since the output file 'C:\1234\tl-card\entry\build\default\intermediates\syscap\default\rpcid.sc' does not exist.
[2026-05-29T19:45:11.550] [DEBUG] debug-file - Incremental task entry:default@SyscapTransform pre-execution cost: 2 ms .
[2026-05-29T19:45:11.551] [DEBUG] debug-file - entry : default@SyscapTransform cost memory 0.14647674560546875
[2026-05-29T19:45:11.551] [DEBUG] debug-file - runTaskFromQueue task cost before running: 406 ms 
[2026-05-29T19:45:11.551] [INFO] debug-file - Finished :entry:default@SyscapTransform... after 3 ms 
[2026-05-29T19:45:11.551] [DEBUG] debug-file - Executing task :entry:default@ProcessProfile
[2026-05-29T19:45:11.552] [DEBUG] debug-file - Task 'entry:default@ProcessProfile' cost while wrapping incremental declarations: 1 ms 
[2026-05-29T19:45:11.553] [DEBUG] debug-file - Incremental task entry:default@ProcessProfile pre-execution cost: 1 ms .
[2026-05-29T19:45:11.553] [DEBUG] debug-file - entry : default@ProcessProfile cost memory 0.12139129638671875
[2026-05-29T19:45:11.553] [INFO] debug-file - UP-TO-DATE :entry:default@ProcessProfile...  
[2026-05-29T19:45:11.554] [DEBUG] debug-file - Executing task :entry:default@ProcessRouterMap
[2026-05-29T19:45:11.555] [DEBUG] debug-file - Incremental task entry:default@ProcessRouterMap pre-execution cost: 2 ms .
[2026-05-29T19:45:11.555] [DEBUG] debug-file - entry : default@ProcessRouterMap cost memory 0.12461090087890625
[2026-05-29T19:45:11.556] [INFO] debug-file - UP-TO-DATE :entry:default@ProcessRouterMap...  
[2026-05-29T19:45:11.556] [DEBUG] debug-file - Executing task :entry:default@ProcessShareConfig
[2026-05-29T19:45:11.558] [DEBUG] debug-file - Incremental task entry:default@ProcessShareConfig pre-execution cost: 2 ms .
[2026-05-29T19:45:11.558] [DEBUG] debug-file - entry : default@ProcessShareConfig cost memory 0.10193634033203125
[2026-05-29T19:45:11.558] [INFO] debug-file - UP-TO-DATE :entry:default@ProcessShareConfig...  
[2026-05-29T19:45:11.559] [DEBUG] debug-file - Executing task :entry:default@ProcessStartupConfig
[2026-05-29T19:45:11.559] [DEBUG] debug-file - Task 'entry:default@ProcessStartupConfig' cost while wrapping incremental declarations: 1 ms 
[2026-05-29T19:45:11.559] [DEBUG] debug-file - entry:default@ProcessStartupConfig is not up-to-date, since the output file 'C:\1234\tl-card\entry\build\default\intermediates\startup\default\startup_config.json' does not exist.
[2026-05-29T19:45:11.559] [DEBUG] debug-file - Incremental task entry:default@ProcessStartupConfig pre-execution cost: 1 ms .
[2026-05-29T19:45:11.559] [DEBUG] debug-file - entry : default@ProcessStartupConfig cost memory 0.08792877197265625
[2026-05-29T19:45:11.559] [DEBUG] debug-file - runTaskFromQueue task cost before running: 415 ms 
[2026-05-29T19:45:11.559] [INFO] debug-file - Finished :entry:default@ProcessStartupConfig... after 1 ms 
[2026-05-29T19:45:11.560] [DEBUG] debug-file - Executing task :entry:default@BuildNativeWithNinja
[2026-05-29T19:45:11.560] [DEBUG] debug-file - entry : default@BuildNativeWithNinja cost memory 0.01998138427734375
[2026-05-29T19:45:11.560] [DEBUG] debug-file - runTaskFromQueue task cost before running: 416 ms 
[2026-05-29T19:45:11.560] [INFO] debug-file - Finished :entry:default@BuildNativeWithNinja... after 1 ms 
[2026-05-29T19:45:11.561] [DEBUG] debug-file - restool module names: entry; moduleName=entry, taskName=default@ProcessResource
[2026-05-29T19:45:11.562] [DEBUG] debug-file - Executing task :entry:default@ProcessResource
[2026-05-29T19:45:11.562] [DEBUG] debug-file - Task 'entry:default@ProcessResource' cost while wrapping incremental declarations: 1 ms 
[2026-05-29T19:45:11.563] [DEBUG] debug-file - Incremental task entry:default@ProcessResource pre-execution cost: 1 ms .
[2026-05-29T19:45:11.563] [DEBUG] debug-file - entry : default@ProcessResource cost memory 0.12371826171875
[2026-05-29T19:45:11.564] [INFO] debug-file - UP-TO-DATE :entry:default@ProcessResource...  
[2026-05-29T19:45:11.565] [DEBUG] debug-file - Executing task :entry:default@GenerateLoaderJson
[2026-05-29T19:45:11.565] [DEBUG] debug-file - Task 'entry:default@GenerateLoaderJson' cost while wrapping incremental declarations: 1 ms 
[2026-05-29T19:45:11.571] [DEBUG] debug-file - entry:default@GenerateLoaderJson is not up-to-date, since the task snapshots are different.
[2026-05-29T19:45:11.571] [DEBUG] debug-file - Incremental task entry:default@GenerateLoaderJson pre-execution cost: 3 ms .
[2026-05-29T19:45:11.575] [DEBUG] debug-file - entry : default@GenerateLoaderJson cost memory 0.508758544921875
[2026-05-29T19:45:11.575] [DEBUG] debug-file - runTaskFromQueue task cost before running: 430 ms 
[2026-05-29T19:45:11.577] [INFO] debug-file - Finished :entry:default@GenerateLoaderJson... after 10 ms 
[2026-05-29T19:45:11.578] [DEBUG] debug-file - Executing task :entry:default@ProcessLibs
[2026-05-29T19:45:11.580] [DEBUG] debug-file - Incremental task entry:default@ProcessLibs pre-execution cost: 2 ms .
[2026-05-29T19:45:11.580] [DEBUG] debug-file - entry : default@ProcessLibs cost memory 0.09772491455078125
[2026-05-29T19:45:11.581] [INFO] debug-file - UP-TO-DATE :entry:default@ProcessLibs...  
[2026-05-29T19:45:11.581] [DEBUG] debug-file - restool module names: entry; moduleName=entry, taskName=default@CompileResource
[2026-05-29T19:45:11.582] [DEBUG] debug-file - Executing task :entry:default@CompileResource
[2026-05-29T19:45:11.590] [DEBUG] debug-file - Incremental task entry:default@CompileResource pre-execution cost: 8 ms .
[2026-05-29T19:45:11.591] [DEBUG] debug-file - entry : default@CompileResource cost memory 0.49085235595703125
[2026-05-29T19:45:11.593] [INFO] debug-file - UP-TO-DATE :entry:default@CompileResource...  
[2026-05-29T19:45:11.595] [DEBUG] debug-file - Executing task :entry:default@DoNativeStrip
[2026-05-29T19:45:11.595] [DEBUG] debug-file - Task 'entry:default@DoNativeStrip' cost while wrapping incremental declarations: 1 ms 
[2026-05-29T19:45:11.596] [DEBUG] debug-file - Incremental task entry:default@DoNativeStrip pre-execution cost: 1 ms .
[2026-05-29T19:45:11.596] [DEBUG] debug-file - entry : default@DoNativeStrip cost memory 0.074951171875
[2026-05-29T19:45:11.596] [INFO] debug-file - UP-TO-DATE :entry:default@DoNativeStrip...  
[2026-05-29T19:45:11.598] [DEBUG] debug-file - Executing task :entry:default@CompileArkTS
[2026-05-29T19:45:11.598] [DEBUG] debug-file - obfuscationOptions: undefined
[2026-05-29T19:45:11.599] [DEBUG] debug-file - Task 'entry:default@CompileArkTS' cost while wrapping incremental declarations: 1 ms 
[2026-05-29T19:45:11.604] [DEBUG] debug-file - entry:default@CompileArkTS is not up-to-date, since the input file 'C:\1234\tl-card\entry\build\default\intermediates\loader\default' has been changed.
[2026-05-29T19:45:11.604] [DEBUG] debug-file - Incremental task entry:default@CompileArkTS pre-execution cost: 4 ms .
[2026-05-29T19:45:11.614] [DEBUG] debug-file - build config:
[2026-05-29T19:45:11.614] [DEBUG] debug-file - {
  moduleType: 'entry',
  perf: 0,
  targetName: '.default',
  packageManagerType: 'ohpm',
  localPropertiesPath: 'C:\\1234\\tl-card\\local.properties',
  isPreview: false,
  isOhosTest: false,
  isLocalTest: false,
  buildMode: 'Debug',
  hotReloadBuild: undefined,
  watchMode: 'false',
  aceProfilePath: 'C:\\1234\\tl-card\\entry\\build\\default\\intermediates\\res\\default\\resources\\base\\profile',
  etsLoaderPath: 'C:\\Program Files\\Huawei\\DevEco Studio\\sdk\\default\\openharmony\\ets\\build-tools\\ets-loader',
  modulePath: 'C:\\1234\\tl-card\\entry',
  testFrameworkPar: {
    testMode: undefined,
    coveragePathFilter: undefined,
    coverageMode: undefined
  },
  needCoverageInsert: false,
  debugLine: false,
  projectTopDir: 'C:\\1234\\tl-card',
  compileSdkVersion: 22,
  compatibleSdkVersion: 18,
  originCompatibleSdkVersion: '5.1.0(18)',
  compatibleSdkVersionStage: undefined,
  bundleName: 'c***p',
  etsLoaderVersion: '6.0.2.130',
  etsLoaderReleaseType: 'Release',
  aotCompileMode: 'type',
  apPath: 'C:\\1234\\tl-card\\entry\\modules.ap',
  entryModuleName: 'entry',
  entryModuleVersion: '1.0.0',
  entryPackageName: 'entry',
  allModuleNameHash: '4bf12a653dcef64469a7584816380f08c3daa4e1ed78e59fe0b729a6b5c62f8e',
  externalApiPaths: [
    'C:\\Program Files\\Huawei\\DevEco Studio\\sdk\\default\\hms\\ets'
  ],
  compilerTypes: [],
  isCrossplatform: false,
  hvigorPluginFile: undefined,
  compilePluginPath: undefined,
  buildGeneratedProfilePath: 'C:\\1234\\tl-card\\entry\\build\\default\\generated\\profile\\default',
  bundleType: 'app',
  arkTSVersion: undefined,
  apiVersion: 22,
  needCompleteSourcesMap: false,
  isFaMode: false,
  buildDir: 'C:\\1234\\tl-card\\entry\\build',
  deviceTypes: [ 'phone', 'tablet' ],
  pkgContextInfo: undefined,
  ohPackagePathMap: {},
  dependencyAliasMap: {},
  permission: { requestPermissions: undefined, definePermissions: undefined },
  useGetCurrentBundleName: false,
  projectArkOption: undefined,
  sourceMapDir: undefined,
  branchElimination: false,
  transformLib: undefined,
  tsImportSendable: false,
  resolveConflictMode: true,
  depName2RootPath: {},
  depName2DepInfo: {},
  rootPathSet: [ 'C:\\1234\\tl-card' ],
  useNativeResolver: true,
  shouldEmitJs: true,
  useTscResolve: false,
  singleFileEmit: false,
  userProjectConfig: {
    autoLazyImport: false,
    allowEmptyBundleName: false,
    reExportCheckMode: 'noCheck',
    executionMode: 'memory',
    usePathPlaceholder: false,
    writeRollupCache: true,
    isExpandImportEnabled: false,
    expandImportExclude: '',
    lazyImportExclude: '',
    lazyImportInclude: '',
    ignoreCrossplatformCheck: false,
    isHarDeduplicateEnabled: false,
    skipOhModulesLint: false,
    enableStrictCheckOHModule: false,
    disableSendableCheckRules: [],
    useDeclarationFileSignature: false,
    customizedOptions: undefined,
    integratedHsp: false,
    isPreloadSoEnabled: false
  },
  executionMode: 'memory',
  arkCompileCachePath: 'C:\\1234\\tl-card\\entry\\build\\default\\cache\\default\\default@CompileArkTS\\esmodule',
  autoLazyFilter: undefined,
  isHarDeduplicateEnabled: false,
  intermediateHarDuplicateDirPath: 'C:\\1234\\tl-card\\entry\\build\\default\\intermediates\\har_duplicate\\default',
  autoLazyImport: false,
  allowEmptyBundleName: false,
  reExportCheckMode: 'noCheck',
  usePathPlaceholder: false,
  writeRollupCache: true,
  isExpandImportEnabled: false,
  expandImportExclude: '',
  lazyImportExclude: '',
  lazyImportInclude: '',
  ignoreCrossplatformCheck: false,
  skipOhModulesLint: false,
  enableStrictCheckOHModule: false,
  disableSendableCheckRules: [],
  useDeclarationFileSignature: false,
  customizedOptions: undefined,
  integratedHsp: false,
  isPreloadSoEnabled: false,
  strictMode: undefined,
  useNormalizedOHMUrl: false,
  caseSensitiveCheck: false,
  aceModuleJsonPath: 'C:\\1234\\tl-card\\entry\\build\\default\\intermediates\\res\\default\\ark_module.json',
  appResource: 'C:\\1234\\tl-card\\entry\\build\\default\\intermediates\\res\\default\\ResourceTable.txt',
  rawFileResource: 'C:\\1234\\tl-card\\entry\\build\\default\\intermediates\\res\\default\\resources\\rawfile',
  resourceTableHash: '42116fa57be9f8ac9defd210768d75e197c8b8faeb2d6536c1e619711672b5b7',
  runtimeOS: 'HarmonyOS',
  sdkInfo: 'false:22:6.0.2.130:Release',
  aceModuleRoot: 'C:\\1234\\tl-card\\entry\\src\\main\\ets',
  compileMode: 'esmodule',
  aceSuperVisualPath: 'C:\\1234\\tl-card\\entry\\src\\main\\supervisual',
  aceBuildJson: 'C:\\1234\\tl-card\\entry\\build\\default\\intermediates\\loader\\default\\loader.json',
  cachePath: 'C:\\1234\\tl-card\\entry\\build\\default\\cache\\default\\default@CompileArkTS\\esmodule\\debug',
  aceModuleBuild: 'C:\\1234\\tl-card\\entry\\build\\default\\intermediates\\loader_out\\default\\ets',
  supportChunks: true,
  declaredFilesPath: undefined,
  shouldCollectDirectImportees: false,
  isByteCodeHarOptimize: false,
  expandImportPath: undefined,
  pkgNameToPkgBriefInfo: {
    entry: {
      pkgRoot: 'C:\\1234\\tl-card\\entry',
      originalSourceRoots: undefined,
      sourceRoots: [Array],
      pkgName: 'entry'
    }
  },
  projectModel: {
    'C:\\1234\\tl-card\\entry\\src\\main': {
      moduleName: 'entry',
      modulePkgPath: 'C:\\1234\\tl-card\\entry',
      belongProjectPath: 'C:\\1234\\tl-card'
    },
    'C:\\1234\\tl-card\\entry': {
      moduleName: 'entry',
      modulePkgPath: 'C:\\1234\\tl-card\\entry',
      belongProjectPath: 'C:\\1234\\tl-card'
    },
    'C:\\1234\\tl-card': {
      moduleName: 'tl-card',
      modulePkgPath: 'C:\\1234\\tl-card',
      belongProjectPath: 'C:\\1234\\tl-card'
    }
  },
  pkgJsonFileHash: '1f699c8cdaf5d625f0532deee1df5fc1579578917403f0bf35ddbdec23da4c22',
  allModulePaths: [ 'C:\\1234\\tl-card\\entry' ],
  routerMap: {},
  obfuscationOptions: undefined,
  byteCodeHarToDependencyKeys: undefined,
  compileBlockPkg: [],
  mockParams: {
    decorator: '@MockSetup',
    packageName: '@ohos/hamock',
    etsSourceRootPath: 'src/main/ets',
    mockConfigPath: undefined,
    mockConfigKey2ModuleInfo: {},
    source2ModuleIdMap: {}
  },
  copyCodeResourceEnable: true,
  copyCodeResourceExcludes: [],
  copyCodeResourceIncludes: undefined,
  uiTransformOptimization: false,
  sdkPath: 'C:/Program Files/Huawei/DevEco Studio/sdk',
  needPreloadSoFileSet: {},
  preloadSoFilePath: 'C:\\1234\\tl-card\\entry\\build\\default\\intermediates\\preload\\default\\preload.json',
  useSourceHash: false,
  localModuleParamMap: {},
  otherPaths: {
    'entry/*': [
      '..\\*',
      '..\\..\\..\\build\\default\\generated\\profile\\default\\*'
    ]
  },
  collectImportersConfig: undefined
}
[2026-05-29T19:45:11.615] [DEBUG] debug-file - Compile arkts with external api path: C:\Program Files\Huawei\DevEco Studio\sdk\default\hms\ets
[2026-05-29T19:45:11.616] [DEBUG] debug-file - default@CompileArkTS work[6] is submitted.
[2026-05-29T19:45:11.616] [DEBUG] debug-file - default@CompileArkTS work[6] is pushed to ready queue.
[2026-05-29T19:45:11.616] [DEBUG] debug-file - A work dispatched to worker[31] failed because unable to get work from ready queue.
[2026-05-29T19:45:11.616] [DEBUG] debug-file - A work dispatched to worker[30] failed because unable to get work from ready queue.
[2026-05-29T19:45:11.616] [DEBUG] debug-file - A work dispatched to worker[29] failed because unable to get work from ready queue.
[2026-05-29T19:45:11.616] [DEBUG] debug-file - A work dispatched to worker[28] failed because unable to get work from ready queue.
[2026-05-29T19:45:11.616] [DEBUG] debug-file - A work dispatched to worker[27] failed because unable to get work from ready queue.
[2026-05-29T19:45:11.616] [DEBUG] debug-file - A work dispatched to worker[26] failed because unable to get work from ready queue.
[2026-05-29T19:45:11.616] [DEBUG] debug-file - A work dispatched to worker[25] failed because unable to get work from ready queue.
[2026-05-29T19:45:11.616] [DEBUG] debug-file - A work dispatched to worker[24] failed because unable to get work from ready queue.
[2026-05-29T19:45:11.616] [DEBUG] debug-file - A work dispatched to worker[23] failed because unable to get work from ready queue.
[2026-05-29T19:45:11.616] [DEBUG] debug-file - A work dispatched to worker[22] failed because unable to get work from ready queue.
[2026-05-29T19:45:11.616] [DEBUG] debug-file - A work dispatched to worker[21] failed because unable to get work from ready queue.
[2026-05-29T19:45:11.616] [DEBUG] debug-file - A work dispatched to worker[20] failed because unable to get work from ready queue.
[2026-05-29T19:45:11.616] [DEBUG] debug-file - A work dispatched to worker[19] failed because unable to get work from ready queue.
[2026-05-29T19:45:11.616] [DEBUG] debug-file - A work dispatched to worker[18] failed because unable to get work from ready queue.
[2026-05-29T19:45:11.616] [DEBUG] debug-file - A work dispatched to worker[17] failed because unable to get work from ready queue.
[2026-05-29T19:45:11.616] [DEBUG] debug-file - A work dispatched to worker[16] failed because unable to get work from ready queue.
[2026-05-29T19:45:11.616] [DEBUG] debug-file - A work dispatched to worker[15] failed because unable to get work from ready queue.
[2026-05-29T19:45:11.616] [DEBUG] debug-file - A work dispatched to worker[14] failed because unable to get work from ready queue.
[2026-05-29T19:45:11.616] [DEBUG] debug-file - A work dispatched to worker[13] failed because unable to get work from ready queue.
[2026-05-29T19:45:11.616] [DEBUG] debug-file - A work dispatched to worker[12] failed because unable to get work from ready queue.
[2026-05-29T19:45:11.616] [DEBUG] debug-file - A work dispatched to worker[11] failed because unable to get work from ready queue.
[2026-05-29T19:45:11.616] [DEBUG] debug-file - A work dispatched to worker[10] failed because unable to get work from ready queue.
[2026-05-29T19:45:11.616] [DEBUG] debug-file - A work dispatched to worker[9] failed because unable to get work from ready queue.
[2026-05-29T19:45:11.616] [DEBUG] debug-file - A work dispatched to worker[8] failed because unable to get work from ready queue.
[2026-05-29T19:45:11.616] [DEBUG] debug-file - A work dispatched to worker[7] failed because unable to get work from ready queue.
[2026-05-29T19:45:11.616] [DEBUG] debug-file - A work dispatched to worker[6] failed because unable to get work from ready queue.
[2026-05-29T19:45:11.616] [DEBUG] debug-file - A work dispatched to worker[5] failed because unable to get work from ready queue.
[2026-05-29T19:45:11.616] [DEBUG] debug-file - default@CompileArkTS work[6] has been dispatched to worker[4].
[2026-05-29T19:45:11.616] [DEBUG] debug-file - default@CompileArkTS work[6] is dispatched.
[2026-05-29T19:45:11.616] [DEBUG] debug-file - CopyResources startTime: 460214699875100
[2026-05-29T19:45:11.617] [DEBUG] debug-file - default@CompileArkTS work[7] is submitted.
[2026-05-29T19:45:11.617] [DEBUG] debug-file - default@CompileArkTS work[7] is pushed to ready queue.
[2026-05-29T19:45:11.617] [DEBUG] debug-file - A work dispatched to worker[31] failed because unable to get work from ready queue.
[2026-05-29T19:45:11.617] [DEBUG] debug-file - Create  resident worker with id: 30.
[2026-05-29T19:45:11.617] [DEBUG] debug-file - default@CompileArkTS work[7] has been dispatched to worker[30].
[2026-05-29T19:45:11.617] [DEBUG] debug-file - default@CompileArkTS work[7] is dispatched.
[2026-05-29T19:45:11.617] [DEBUG] debug-file - entry : default@CompileArkTS cost memory 1.3558883666992188
[2026-05-29T19:45:11.619] [DEBUG] debug-file - Executing task :entry:default@BuildJS
[2026-05-29T19:45:11.619] [DEBUG] debug-file - Task 'entry:default@BuildJS' cost while wrapping incremental declarations: 1 ms 
[2026-05-29T19:45:11.622] [DEBUG] debug-file - entry : default@BuildJS cost memory 0.14107513427734375
[2026-05-29T19:45:11.622] [DEBUG] debug-file - runTaskFromQueue task cost before running: 478 ms 
[2026-05-29T19:45:11.623] [INFO] debug-file - Finished :entry:default@BuildJS... after 4 ms 
[2026-05-29T19:45:11.623] [DEBUG] debug-file - Executing task :entry:default@CacheNativeLibs
[2026-05-29T19:45:11.624] [DEBUG] debug-file - Task 'entry:default@CacheNativeLibs' cost while wrapping incremental declarations: 1 ms 
[2026-05-29T19:45:11.625] [DEBUG] debug-file - Incremental task entry:default@CacheNativeLibs pre-execution cost: 2 ms .
[2026-05-29T19:45:11.625] [DEBUG] debug-file - entry : default@CacheNativeLibs cost memory 0.0908660888671875
[2026-05-29T19:45:11.625] [INFO] debug-file - UP-TO-DATE :entry:default@CacheNativeLibs...  
[2026-05-29T19:45:12.177] [WARN] debug-file - [33mWARN: [33m[33mArkTS:WARN File: C:/1234/tl-card/entry/src/main/ets/pages/MainPage.ets:103:20
 'pushUrl' has been deprecated.
[39m[39m
[33mWARN: [33m[33mArkTS:WARN File: C:/1234/tl-card/entry/src/main/ets/pages/ResultPage.ets:23:36
 'back' has been deprecated.
[39m[39m
[33mWARN: [33m[33mArkTS:WARN File: C:/1234/tl-card/entry/src/main/ets/pages/ResultPage.ets:57:33
 'back' has been deprecated.
[39m[39m

[2026-05-29T19:45:12.177] [DEBUG] debug-file - Ark compile task finished.finished time is 460215260864600
[2026-05-29T19:45:12.178] [DEBUG] debug-file - worker[4] has one work done.
[2026-05-29T19:45:12.179] [DEBUG] debug-file - default@CompileArkTS work[6] done.
[2026-05-29T19:45:12.180] [DEBUG] debug-file - A work dispatched to worker[4] failed because unable to get work from ready queue.
[2026-05-29T19:45:12.473] [DEBUG] debug-file - worker[30] has one work done.
[2026-05-29T19:45:12.473] [DEBUG] debug-file - CopyResources is end, endTime: 460215556525200
[2026-05-29T19:45:12.473] [DEBUG] debug-file - default@CompileArkTS work[7] done.
[2026-05-29T19:45:12.473] [DEBUG] debug-file - A work dispatched to worker[30] failed because unable to get work from ready queue.
[2026-05-29T19:45:12.475] [INFO] debug-file - Finished :entry:default@CompileArkTS... after 589 ms 
[2026-05-29T19:45:12.476] [DEBUG] debug-file - Executing task :entry:default@GeneratePkgModuleJson
[2026-05-29T19:45:12.476] [DEBUG] debug-file - File: 'C:\1234\tl-card\entry\build\default\intermediates\preload\default\preload.json' from 'preloadSoJsonPath' is not exists, just ignore.
[2026-05-29T19:45:12.477] [DEBUG] debug-file - Error occurs while handling @Input 'shouldDeduplicateHar': The "data" argument must be of type string or an instance of Buffer, TypedArray, or DataView. Received undefined
[2026-05-29T19:45:12.477] [DEBUG] debug-file - Task 'entry:default@GeneratePkgModuleJson' cost while wrapping incremental declarations: 1 ms 
[2026-05-29T19:45:12.478] [DEBUG] debug-file - Incremental task entry:default@GeneratePkgModuleJson pre-execution cost: 1 ms .
[2026-05-29T19:45:12.478] [DEBUG] debug-file - entry : default@GeneratePkgModuleJson cost memory 0.100311279296875
[2026-05-29T19:45:12.478] [INFO] debug-file - UP-TO-DATE :entry:default@GeneratePkgModuleJson...  
[2026-05-29T19:45:12.479] [DEBUG] debug-file - Executing task :entry:default@ProcessCompiledResources
[2026-05-29T19:45:12.479] [DEBUG] debug-file - File: 'C:\1234\tl-card\entry\build\default\intermediates\preload\default\preload.json' from 'preloadSoJsonPath' is not exists, just ignore.
[2026-05-29T19:45:12.479] [DEBUG] debug-file - Task 'entry:default@ProcessCompiledResources' cost while wrapping incremental declarations: 1 ms 
[2026-05-29T19:45:12.479] [DEBUG] debug-file - entry : default@ProcessCompiledResources cost memory 0.0564422607421875
[2026-05-29T19:45:12.479] [DEBUG] debug-file - runTaskFromQueue task cost before running: 1 s 335 ms 
[2026-05-29T19:45:12.479] [INFO] debug-file - Finished :entry:default@ProcessCompiledResources... after 1 ms 
[2026-05-29T19:45:12.481] [DEBUG] debug-file - Executing task :entry:default@PackageHap
[2026-05-29T19:45:12.486] [DEBUG] debug-file - entry:default@PackageHap is not up-to-date, since the input file 'C:\1234\tl-card\entry\build\default\intermediates\loader_out\default\ets' has been changed.
[2026-05-29T19:45:12.486] [DEBUG] debug-file - Incremental task entry:default@PackageHap pre-execution cost: 5 ms .
[2026-05-29T19:45:12.487] [DEBUG] debug-file - Use tool [C:\Program Files\Huawei\DevEco Studio\sdk\default\openharmony\toolchains\lib\app_packing_tool.jar]
 [
  'java',
  '-Dfile.encoding=GBK',
  '-jar',
  'C:\\Program Files\\Huawei\\DevEco Studio\\sdk\\default\\openharmony\\toolchains\\lib\\app_packing_tool.jar',
  '--mode',
  'hap',
  '--force',
  'true',
  '--lib-path',
  'C:\\1234\\tl-card\\entry\\build\\default\\intermediates\\stripped_native_libs\\default',
  '--json-path',
  'C:\\1234\\tl-card\\entry\\build\\default\\intermediates\\package\\default\\module.json',
  '--resources-path',
  'C:\\1234\\tl-card\\entry\\build\\default\\intermediates\\res\\default\\resources',
  '--index-path',
  'C:\\1234\\tl-card\\entry\\build\\default\\intermediates\\res\\default\\resources.index',
  '--pack-info-path',
  'C:\\1234\\tl-card\\entry\\build\\default\\outputs\\default\\pack.info',
  '--out-path',
  'C:\\1234\\tl-card\\entry\\build\\default\\outputs\\default\\entry-default-unsigned.hap',
  '--ets-path',
  'C:\\1234\\tl-card\\entry\\build\\default\\intermediates\\loader_out\\default\\ets'
]
[2026-05-29T19:45:12.518] [DEBUG] debug-file - java daemon socket received message:{"code":0,"message":"pack success"}
[2026-05-29T19:45:12.522] [DEBUG] debug-file - entry : default@PackageHap cost memory 0.5308380126953125
[2026-05-29T19:45:12.522] [DEBUG] debug-file - runTaskFromQueue task cost before running: 1 s 378 ms 
[2026-05-29T19:45:12.523] [INFO] debug-file - Finished :entry:default@PackageHap... after 42 ms 
[2026-05-29T19:45:12.524] [DEBUG] debug-file - Executing task :entry:default@PackingCheck
[2026-05-29T19:45:12.528] [DEBUG] debug-file - entry : default@PackingCheck cost memory 0.5052261352539062
[2026-05-29T19:45:12.528] [DEBUG] debug-file - runTaskFromQueue task cost before running: 1 s 383 ms 
[2026-05-29T19:45:12.528] [INFO] debug-file - Finished :entry:default@PackingCheck... after 4 ms 
[2026-05-29T19:45:12.529] [DEBUG] debug-file - Executing task :entry:default@SignHap
[2026-05-29T19:45:12.529] [WARN] debug-file - Will skip sign 'hos_hap'. No signingConfigs profile is configured in current project.
             If needed, configure the signingConfigs in C:\1234\tl-card\build-profile.json5.
[2026-05-29T19:45:12.530] [DEBUG] debug-file - entry:default@SignHap is not up-to-date, since the input file 'C:\1234\tl-card\entry\build\default\outputs\default\entry-default-unsigned.hap' has been changed.
[2026-05-29T19:45:12.530] [DEBUG] debug-file - Incremental task entry:default@SignHap pre-execution cost: 1 ms .
[2026-05-29T19:45:12.530] [DEBUG] debug-file - entry : default@SignHap cost memory 0.0868377685546875
[2026-05-29T19:45:12.530] [DEBUG] debug-file - runTaskFromQueue task cost before running: 1 s 386 ms 
[2026-05-29T19:45:12.531] [INFO] debug-file - Finished :entry:default@SignHap... after 2 ms 
[2026-05-29T19:45:12.531] [DEBUG] debug-file - Executing task :entry:default@CollectDebugSymbol
[2026-05-29T19:45:12.532] [DEBUG] debug-file - entry : default@CollectDebugSymbol cost memory 0.0810546875
[2026-05-29T19:45:12.532] [DEBUG] debug-file - runTaskFromQueue task cost before running: 1 s 388 ms 
[2026-05-29T19:45:12.532] [INFO] debug-file - Finished :entry:default@CollectDebugSymbol... after 1 ms 
[2026-05-29T19:45:12.532] [DEBUG] debug-file - Executing task :entry:assembleHap
[2026-05-29T19:45:12.532] [DEBUG] debug-file - entry : assembleHap cost memory 0.012725830078125
[2026-05-29T19:45:12.533] [DEBUG] debug-file - runTaskFromQueue task cost before running: 1 s 388 ms 
[2026-05-29T19:45:12.533] [INFO] debug-file - Finished :entry:assembleHap... after 1 ms 
[2026-05-29T19:45:12.543] [INFO] debug-file - BUILD SUCCESSFUL in 1 s 398 ms 
[2026-05-29T19:45:12.544] [DEBUG] debug-file - Update task entry:default@PreBuild input file:C:\1234\tl-card\AppScope\app.json5 cache by regenerate.
[2026-05-29T19:45:12.545] [DEBUG] debug-file - Update task entry:default@PreBuild input file:C:\1234\tl-card\entry\src\main\module.json5 cache by regenerate.
[2026-05-29T19:45:12.545] [DEBUG] debug-file - Update task entry:default@PreBuild input file:C:\1234\tl-card\build-profile.json5 cache by regenerate.
[2026-05-29T19:45:12.545] [DEBUG] debug-file - Update task entry:default@PreBuild input file:C:\1234\tl-card\entry\build-profile.json5 cache by regenerate.
[2026-05-29T19:45:12.545] [DEBUG] debug-file - Update task entry:default@PreBuild input file:C:\1234\tl-card\entry\src\main\resources\base\profile\main_pages.json cache by regenerate.
[2026-05-29T19:45:12.545] [DEBUG] debug-file - Update task entry:default@PreBuild input file:C:\1234\tl-card\hvigor\hvigor-config.json5 cache by regenerate.
[2026-05-29T19:45:12.546] [DEBUG] debug-file - Update task entry:default@PreBuild input file:C:\1234\tl-card\entry\oh-package.json5 cache by regenerate.
[2026-05-29T19:45:12.546] [DEBUG] debug-file - Update task entry:default@PreBuild input file:C:\1234\tl-card\oh-package.json5 cache by regenerate.
[2026-05-29T19:45:12.546] [DEBUG] debug-file - Incremental task entry:default@PreBuild post-execution cost:3 ms .
[2026-05-29T19:45:12.546] [DEBUG] debug-file - Update task entry:default@CreateModuleInfo output file:C:\1234\tl-card\entry\build\default\generated\profile\default\ModuleInfo.ts cache.
[2026-05-29T19:45:12.546] [DEBUG] debug-file - Incremental task entry:default@CreateModuleInfo post-execution cost:1 ms .
[2026-05-29T19:45:12.546] [DEBUG] debug-file - There is no need to refresh cache, since the incremental task entry:default@GenerateMetadata is up-to-date.
[2026-05-29T19:45:12.546] [DEBUG] debug-file - There is no need to refresh cache, since the incremental task entry:default@MergeProfile is up-to-date.
[2026-05-29T19:45:12.546] [DEBUG] debug-file - There is no need to refresh cache, since the incremental task entry:default@CreateBuildProfile is up-to-date.
[2026-05-29T19:45:12.546] [DEBUG] debug-file - Update task entry:default@GeneratePkgContextInfo output file:C:\1234\tl-card\entry\build\default\intermediates\loader\default\pkgContextInfo.json cache.
[2026-05-29T19:45:12.547] [DEBUG] debug-file - Incremental task entry:default@GeneratePkgContextInfo post-execution cost:1 ms .
[2026-05-29T19:45:12.547] [DEBUG] debug-file - Update task entry:default@ProcessIntegratedHsp output file:C:\1234\tl-card\build\cache\default\integrated_hsp\integratedHspCache.json cache.
[2026-05-29T19:45:12.547] [DEBUG] debug-file - Incremental task entry:default@ProcessIntegratedHsp post-execution cost:1 ms .
[2026-05-29T19:45:12.547] [DEBUG] debug-file - There is no need to refresh cache, since the incremental task entry:default@MakePackInfo is up-to-date.
[2026-05-29T19:45:12.547] [DEBUG] debug-file - Update task entry:default@SyscapTransform input file:C:\Program Files\Huawei\DevEco Studio\sdk\default\openharmony\toolchains\syscap_tool.exe cache by regenerate.
[2026-05-29T19:45:12.547] [DEBUG] debug-file - Update task entry:default@SyscapTransform input file:C:\Program Files\Huawei\DevEco Studio\sdk\default\openharmony\ets\api\device-define cache by regenerate.
[2026-05-29T19:45:12.548] [DEBUG] debug-file - Update task entry:default@SyscapTransform output file:C:\1234\tl-card\entry\build\default\intermediates\syscap\default\rpcid.sc cache.
[2026-05-29T19:45:12.549] [DEBUG] debug-file - Incremental task entry:default@SyscapTransform post-execution cost:2 ms .
[2026-05-29T19:45:12.549] [DEBUG] debug-file - There is no need to refresh cache, since the incremental task entry:default@ProcessProfile is up-to-date.
[2026-05-29T19:45:12.549] [DEBUG] debug-file - There is no need to refresh cache, since the incremental task entry:default@ProcessRouterMap is up-to-date.
[2026-05-29T19:45:12.549] [DEBUG] debug-file - There is no need to refresh cache, since the incremental task entry:default@ProcessShareConfig is up-to-date.
[2026-05-29T19:45:12.549] [DEBUG] debug-file - Update task entry:default@ProcessStartupConfig output file:C:\1234\tl-card\entry\build\default\intermediates\startup\default\startup_config.json cache.
[2026-05-29T19:45:12.549] [DEBUG] debug-file - Incremental task entry:default@ProcessStartupConfig post-execution cost:1 ms .
[2026-05-29T19:45:12.549] [DEBUG] debug-file - There is no need to refresh cache, since the incremental task entry:default@ProcessResource is up-to-date.
[2026-05-29T19:45:12.550] [DEBUG] debug-file - Update task entry:default@GenerateLoaderJson input file:C:\1234\tl-card\entry\build\default\intermediates\router_map\default\temp-router-map.json cache by regenerate.
[2026-05-29T19:45:12.550] [DEBUG] debug-file - Update task entry:default@GenerateLoaderJson output file:C:\1234\tl-card\entry\build\default\intermediates\loader\default\loader.json cache.
[2026-05-29T19:45:12.550] [DEBUG] debug-file - Incremental task entry:default@GenerateLoaderJson post-execution cost:2 ms .
[2026-05-29T19:45:12.550] [DEBUG] debug-file - There is no need to refresh cache, since the incremental task entry:default@ProcessLibs is up-to-date.
[2026-05-29T19:45:12.550] [DEBUG] debug-file - There is no need to refresh cache, since the incremental task entry:default@CompileResource is up-to-date.
[2026-05-29T19:45:12.550] [DEBUG] debug-file - There is no need to refresh cache, since the incremental task entry:default@DoNativeStrip is up-to-date.
[2026-05-29T19:45:12.552] [DEBUG] debug-file - Update task entry:default@CompileArkTS input file:C:\1234\tl-card\entry\build\default\intermediates\loader\default cache from map.
[2026-05-29T19:45:12.552] [DEBUG] debug-file - Update task entry:default@CompileArkTS input file:C:\1234\tl-card\entry\build\default\intermediates\res\default\ResourceTable.txt cache by regenerate.
[2026-05-29T19:45:12.552] [DEBUG] debug-file - Update task entry:default@CompileArkTS input file:C:\1234\tl-card\entry\build\default\intermediates\res\default\ark_module.json cache by regenerate.
[2026-05-29T19:45:12.552] [DEBUG] debug-file - Update task entry:default@CompileArkTS input file:C:\1234\tl-card\entry\build\default\intermediates\res\default\resources\base\profile cache by regenerate.
[2026-05-29T19:45:12.552] [DEBUG] debug-file - Update task entry:default@CompileArkTS input file:C:\1234\tl-card\entry\src\main\ets cache by regenerate.
[2026-05-29T19:45:12.554] [DEBUG] debug-file - Update task entry:default@CompileArkTS input file:C:\1234\tl-card\entry\build\default\generated\profile\default\BuildProfile.ets cache by regenerate.
[2026-05-29T19:45:12.555] [DEBUG] debug-file - Update task entry:default@CompileArkTS output file:C:\1234\tl-card\entry\build\default\intermediates\loader_out\default\ets cache.
[2026-05-29T19:45:12.555] [DEBUG] debug-file - Incremental task entry:default@CompileArkTS post-execution cost:5 ms .
[2026-05-29T19:45:12.556] [DEBUG] debug-file - Update task entry:default@BuildJS input file:C:\1234\tl-card\entry\build\default\intermediates\loader\default cache by regenerate.
[2026-05-29T19:45:12.557] [DEBUG] debug-file - Update task entry:default@BuildJS input file:C:\1234\tl-card\entry\build\default\intermediates\res\default\ResourceTable.txt cache by regenerate.
[2026-05-29T19:45:12.557] [DEBUG] debug-file - Update task entry:default@BuildJS input file:C:\1234\tl-card\entry\build\default\intermediates\res\default\ark_module.json cache by regenerate.
[2026-05-29T19:45:12.557] [DEBUG] debug-file - Update task entry:default@BuildJS input file:C:\1234\tl-card\entry\build\default\intermediates\res\default\resources\base\profile cache by regenerate.
[2026-05-29T19:45:12.557] [DEBUG] debug-file - Update task entry:default@BuildJS output file:C:\1234\tl-card\entry\build\default\intermediates\loader_out\default\js cache.
[2026-05-29T19:45:12.557] [DEBUG] debug-file - Incremental task entry:default@BuildJS post-execution cost:3 ms .
[2026-05-29T19:45:12.557] [DEBUG] debug-file - There is no need to refresh cache, since the incremental task entry:default@CacheNativeLibs is up-to-date.
[2026-05-29T19:45:12.558] [DEBUG] debug-file - There is no need to refresh cache, since the incremental task entry:default@GeneratePkgModuleJson is up-to-date.
[2026-05-29T19:45:12.558] [DEBUG] debug-file - Incremental task entry:default@ProcessCompiledResources post-execution cost:1 ms .
[2026-05-29T19:45:12.558] [DEBUG] debug-file - Update task entry:default@PackageHap input file:C:\1234\tl-card\entry\build\default\intermediates\stripped_native_libs\default cache by regenerate.
[2026-05-29T19:45:12.559] [DEBUG] debug-file - Update task entry:default@PackageHap input file:C:\1234\tl-card\entry\build\default\intermediates\res\default\module.json cache by regenerate.
[2026-05-29T19:45:12.559] [DEBUG] debug-file - Update task entry:default@PackageHap input file:C:\1234\tl-card\entry\build\default\intermediates\res\default\resources cache by regenerate.
[2026-05-29T19:45:12.560] [DEBUG] debug-file - Update task entry:default@PackageHap input file:C:\1234\tl-card\entry\build\default\intermediates\res\default\resources.index cache by regenerate.
[2026-05-29T19:45:12.560] [DEBUG] debug-file - Update task entry:default@PackageHap input file:C:\1234\tl-card\entry\build\default\outputs\default\pack.info cache by regenerate.
[2026-05-29T19:45:12.560] [DEBUG] debug-file - Update task entry:default@PackageHap input file:C:\1234\tl-card\entry\build\default\intermediates\loader_out\default\ets cache from map.
[2026-05-29T19:45:12.560] [DEBUG] debug-file - Update task entry:default@PackageHap input file:C:\1234\tl-card\entry\build\default\intermediates\loader_out\default\ets\sourceMaps.map cache by regenerate.
[2026-05-29T19:45:12.560] [DEBUG] debug-file - Update task entry:default@PackageHap input file:C:\1234\tl-card\entry\build\default\generated\profile\default\BuildProfile.ets cache by regenerate.
[2026-05-29T19:45:12.561] [DEBUG] debug-file - Update task entry:default@PackageHap output file:C:\1234\tl-card\entry\build\default\outputs\default\entry-default-unsigned.hap cache.
[2026-05-29T19:45:12.561] [DEBUG] debug-file - Update task entry:default@PackageHap output file:C:\1234\tl-card\entry\build\default\intermediates\source_map\default\sourceMaps.map cache.
[2026-05-29T19:45:12.561] [DEBUG] debug-file - Update task entry:default@PackageHap output file:C:\1234\tl-card\entry\build\default\outputs\default\mapping\sourceMaps.map cache.
[2026-05-29T19:45:12.561] [DEBUG] debug-file - Incremental task entry:default@PackageHap post-execution cost:4 ms .
[2026-05-29T19:45:12.561] [DEBUG] debug-file - Update task entry:default@SignHap input file:C:\1234\tl-card\entry\build\default\outputs\default\entry-default-unsigned.hap cache from map.
[2026-05-29T19:45:12.562] [DEBUG] debug-file - Update task entry:default@SignHap output file:C:\1234\tl-card\entry\build\default\outputs\default\entry-default-signed.hap cache.
[2026-05-29T19:45:12.562] [DEBUG] debug-file - Incremental task entry:default@SignHap post-execution cost:1 ms .
[2026-05-29T19:45:12.562] [DEBUG] debug-file - Update task entry:default@CollectDebugSymbol input file:C:\1234\tl-card\entry\build\default\intermediates\loader_out\default\ets\sourceMaps.map cache by regenerate.
[2026-05-29T19:45:12.562] [DEBUG] debug-file - Update task entry:default@CollectDebugSymbol input file:C:\1234\tl-card\entry\build\default\intermediates\libs\default cache by regenerate.
[2026-05-29T19:45:12.562] [DEBUG] debug-file - Update task entry:default@CollectDebugSymbol output file:C:\1234\tl-card\entry\build\default\outputs\default\symbol cache.
[2026-05-29T19:45:12.563] [DEBUG] debug-file - Incremental task entry:default@CollectDebugSymbol post-execution cost:1 ms .
[2026-05-29T19:45:12.581] [DEBUG] debug-file - Cleanup worker 30.
[2026-05-29T19:45:12.582] [DEBUG] debug-file - Worker 30 has been cleaned up.
[2026-05-29T19:45:12.582] [DEBUG] debug-file - Current idle worker size: 1.
[2026-05-29T19:45:12.582] [DEBUG] debug-file - Current resident worker size: 2.
[2026-05-29T19:45:12.582] [DEBUG] debug-file - hvigor build process will be closed.
[2026-05-29T19:45:12.582] [DEBUG] debug-file - java daemon socket close code:1000 reason:close by user
[2026-05-29T19:45:12.587] [DEBUG] debug-file - worker[30] exits with exit code 1.
[2026-05-29T19:45:12.595] [DEBUG] debug-file - session manager: send message to worker process.
[2026-05-29T19:45:12.597] [DEBUG] debug-file - session manager: send message to worker process.
[2026-05-29T19:45:12.595] [DEBUG] debug-file - watch worker: worker id should be larger than 0. Nothing will be sent to any worker thread.
[2026-05-29T19:45:12.597] [DEBUG] debug-file - watch worker: worker id should be larger than 0. Nothing will be sent to any worker thread.
[2026-05-29T20:31:31.881] [DEBUG] debug-file - env: nodejsVersion=v24.10.0
[2026-05-29T20:31:32.000] [DEBUG] debug-file - env: daemon=true
[2026-05-29T20:31:31.882] [DEBUG] debug-file - env: hvigor-config.json5 content = { modelVersion: '5.0.0', dependencies: {} }
[2026-05-29T20:31:32.591] [DEBUG] debug-file - java daemon tryConnect failed Error: connect ECONNREFUSED 127.0.0.1:45050
[2026-05-29T20:31:32.594] [DEBUG] debug-file - on error: Error: spawn java ENOENT
[2026-05-29T20:31:32.621] [DEBUG] debug-file - session manager: set active socket. socketId=5eHE61JFbUi_zjihAAAB
[2026-05-29T20:31:33.084] [DEBUG] debug-file - watch worker: worker id should be larger than 0. Nothing will be sent to any worker thread.
[2026-05-29T20:31:33.087] [DEBUG] debug-file - Since there is no instance or instance is terminated, create a new worker pool.
[2026-05-29T20:31:33.088] [DEBUG] debug-file - Worker pool is initialized with config:  {
  minPoolNum: 2,
  maxPoolNum: undefined,
  maxCoreSize: undefined,
  cacheCapacity: undefined,
  cacheTtl: undefined
}
[2026-05-29T20:31:33.089] [DEBUG] debug-file - Create  resident worker with id: 0.
[2026-05-29T20:31:33.091] [DEBUG] debug-file - Create  resident worker with id: 1.
[2026-05-29T20:31:33.093] [DEBUG] debug-file - Workers' log level updated to INFO
[2026-05-29T20:31:33.101] [DEBUG] debug-file - Hvigor init with startParameters:{
  hvigorfileTypeCheck: false,
  parallelExecution: true,
  incrementalExecution: true,
  printStackTrace: false,
  daemon: true,
  analyze: 0,
  logLevel: Level { level: 20000, levelStr: 'INFO', colour: 'green' },
  optimizationStrategy: 'memory',
  hotCompile: undefined,
  hotReloadBuild: undefined,
  customizedParam: undefined
}
[2026-05-29T20:31:33.105] [DEBUG] debug-file - Cache service initialization finished in 4 ms 
[2026-05-29T20:31:33.106] [DEBUG] debug-file - hvigorfile, resolving C:\1234\tl-card\hvigorfile.ts
[2026-05-29T20:31:34.807] [DEBUG] debug-file - hvigorfile, require result:  { default: { plugins: [] } }
[2026-05-29T20:31:34.808] [DEBUG] debug-file - hvigorfile, binding system plugins null
[2026-05-29T20:31:34.808] [DEBUG] debug-file - Starting plugin build process
[2026-05-29T20:31:34.808] [DEBUG] debug-file - App plugin prepare start...
[2026-05-29T20:31:34.808] [DEBUG] debug-file - App plugin prepare end...
[2026-05-29T20:31:34.808] [DEBUG] debug-file - App plugin creating...
[2026-05-29T20:31:34.929] [DEBUG] debug-file - App plugin register hook start...
[2026-05-29T20:31:34.929] [DEBUG] debug-file - App plugin register hook end...
[2026-05-29T20:31:34.930] [DEBUG] debug-file - Plugin build process completed
[2026-05-29T20:31:34.930] [DEBUG] debug-file - Start initialize project's product build option map with build mode release.
[2026-05-29T20:31:34.930] [DEBUG] debug-file - Picking option from product 'default' with build mode 'release'.
[2026-05-29T20:31:34.930] [DEBUG] debug-file - Product 'default' build option initialized
[2026-05-29T20:31:34.931] [DEBUG] debug-file - End initialize project's product build option map with build mode 'release'.
[2026-05-29T20:31:34.935] [DEBUG] debug-file - hvigor build process will be closed with an error.
[2026-05-29T20:31:34.935] [ERROR] debug-file - [31m00303217 Configuration Error
Error Message: Invalid value of 'DEVECO_SDK_HOME' in the system environment path.

* Try the following:
  > Correct the value, run hvigorw --stop-daemon to stop the daemon process, and then try again.
[39m

[31m* Try:
> Run with --stacktrace option to get the stack trace.
> Run with --debug option to get more log output.

[2026-05-29T20:31:34.935] [DEBUG] debug-file - ERROR: stacktrace = AdaptorError: [31m00303217 Configuration Error
Error Message: Invalid value of 'DEVECO_SDK_HOME' in the system environment path.

* Try the following:
  > Correct the value, run hvigorw --stop-daemon to stop the daemon process, and then try again.
[39m
    at OhosLogger.printErrorExit (C:\Program Files\Huawei\DevEco Studio\tools\hvigor\hvigor\src\base\log\hvigor-log.js:1:5087)
    at Property.validatePath (C:\Program Files\Huawei\DevEco Studio\tools\hvigor\hvigor-ohos-plugin\src\sdk\lib\property-get.js:1:2027)
    at Property.getHosSdkDir (C:\Program Files\Huawei\DevEco Studio\tools\hvigor\hvigor-ohos-plugin\src\sdk\lib\property-get.js:1:1395)
    at SdkLoader.getSdkInfo (C:\Program Files\Huawei\DevEco Studio\tools\hvigor\hvigor-ohos-plugin\src\sdk\sdk-loader.js:1:668)
    at new ProjectTaskService (C:\Program Files\Huawei\DevEco Studio\tools\hvigor\hvigor-ohos-plugin\src\tasks\service\project-task-service.js:1:2057)
    at AppPlugin.initTaskService (C:\Program Files\Huawei\DevEco Studio\tools\hvigor\hvigor-ohos-plugin\src\plugin\app-plugin.js:1:715)
    at ProjectImpl.<anonymous> (C:\Program Files\Huawei\DevEco Studio\tools\hvigor\hvigor-ohos-plugin\src\plugin\builder\app-plugin-builder.js:1:2161)
    at ProjectImpl.executeAfterBindSystemPluginsHook (C:\Program Files\Huawei\DevEco Studio\tools\hvigor\hvigor\src\base\internal\lifecycle\hvigor-node-impl\default-node-impl.js:1:5526)
    at evaluateNodeVigorFile (C:\Program Files\Huawei\DevEco Studio\tools\hvigor\hvigor\src\base\internal\lifecycle\configuration.js:1:9214)
    at process.processTicksAndRejections (node:internal/process/task_queues:105:5)
[2026-05-29T20:31:34.935] [ERROR] debug-file - AdaptorError: [31m00303217 Configuration Error
Error Message: Invalid value of 'DEVECO_SDK_HOME' in the system environment path.

* Try the following:
  > Correct the value, run hvigorw --stop-daemon to stop the daemon process, and then try again.
[39m
    at OhosLogger.printErrorExit (C:\Program Files\Huawei\DevEco Studio\tools\hvigor\hvigor\src\base\log\hvigor-log.js:1:5087)
    at Property.validatePath (C:\Program Files\Huawei\DevEco Studio\tools\hvigor\hvigor-ohos-plugin\src\sdk\lib\property-get.js:1:2027)
    at Property.getHosSdkDir (C:\Program Files\Huawei\DevEco Studio\tools\hvigor\hvigor-ohos-plugin\src\sdk\lib\property-get.js:1:1395)
    at SdkLoader.getSdkInfo (C:\Program Files\Huawei\DevEco Studio\tools\hvigor\hvigor-ohos-plugin\src\sdk\sdk-loader.js:1:668)
    at new ProjectTaskService (C:\Program Files\Huawei\DevEco Studio\tools\hvigor\hvigor-ohos-plugin\src\tasks\service\project-task-service.js:1:2057)
    at AppPlugin.initTaskService (C:\Program Files\Huawei\DevEco Studio\tools\hvigor\hvigor-ohos-plugin\src\plugin\app-plugin.js:1:715)
    at ProjectImpl.<anonymous> (C:\Program Files\Huawei\DevEco Studio\tools\hvigor\hvigor-ohos-plugin\src\plugin\builder\app-plugin-builder.js:1:2161)
    at ProjectImpl.executeAfterBindSystemPluginsHook (C:\Program Files\Huawei\DevEco Studio\tools\hvigor\hvigor\src\base\internal\lifecycle\hvigor-node-impl\default-node-impl.js:1:5526)
    at evaluateNodeVigorFile (C:\Program Files\Huawei\DevEco Studio\tools\hvigor\hvigor\src\base\internal\lifecycle\configuration.js:1:9214)
    at process.processTicksAndRejections (node:internal/process/task_queues:105:5)
[2026-05-29T20:31:34.936] [ERROR] debug-file - BUILD FAILED in 1 s 842 ms 
[2026-05-29T20:31:34.944] [DEBUG] debug-file - Cleanup worker 0.
[2026-05-29T20:31:34.944] [DEBUG] debug-file - Worker 0 has been cleaned up.
[2026-05-29T20:31:34.944] [DEBUG] debug-file - Current idle worker size: 1.
[2026-05-29T20:31:34.944] [DEBUG] debug-file - Current resident worker size: 2.
[2026-05-29T20:31:34.944] [DEBUG] debug-file - Cleanup worker 1.
[2026-05-29T20:31:34.944] [DEBUG] debug-file - Worker 1 has been cleaned up.
[2026-05-29T20:31:34.944] [DEBUG] debug-file - Current idle worker size: 0.
[2026-05-29T20:31:34.944] [DEBUG] debug-file - Current resident worker size: 2.
[2026-05-29T20:31:34.950] [DEBUG] debug-file - hvigor build process will be closed.
[2026-05-29T20:31:34.951] [DEBUG] debug-file - worker[1] exits with exit code 1.
[2026-05-29T20:31:34.952] [DEBUG] debug-file - worker[0] exits with exit code 1.
[2026-05-29T20:31:34.959] [DEBUG] debug-file - session manager: send message to worker process.
[2026-05-29T20:31:34.961] [DEBUG] debug-file - session manager: send message to worker process.
[2026-05-29T20:31:34.960] [DEBUG] debug-file - watch worker: worker id should be larger than 0. Nothing will be sent to any worker thread.
[2026-05-29T20:31:34.962] [DEBUG] debug-file - watch worker: worker id should be larger than 0. Nothing will be sent to any worker thread.
